date,game_id,season,neutral,playoff,home,away,elo1_pre_home,elo2_pre_away,home_score,away_score
19-10-2021,1,2022,0,,MIL,BRK,1657.74989,1605.053732,127,104
19-10-2021,2,2022,0,,LAL,GSW,1549.258851,1529.010908,114,121
20-10-2021,3,2022,0,,CHO,IND,1438.333792,1487.419833,123,122
20-10-2021,4,2022,0,,DET,CHI,1380.825861,1495.430593,88,94
20-10-2021,5,2022,0,,NYK,BOS,1547.753492,1499.792561,138,134
20-10-2021,6,2022,0,,TOR,WAS,1449.348147,1494.785854,83,98
20-10-2021,7,2022,0,,MEM,CLE,1540.75438,1352.696783,132,121
20-10-2021,8,2022,0,,NOP,PHI,1482.179835,1609.071634,97,117
20-10-2021,9,2022,0,,MIN,HOU,1439.446279,1346.47428,124,106
20-10-2021,10,2022,0,,SAS,ORL,1477.617183,1330.467357,123,97
20-10-2021,11,2022,0,,UTA,OKC,1615.06437,1309.05502,107,86
20-10-2021,12,2022,0,,PHO,DEN,1650.23158,1577.362511,98,110
20-10-2021,13,2022,0,,POR,SAC,1581.015607,1454.318618,121,124
21-10-2021,14,2022,0,,ATL,DAL,1570.150094,1540.788162,113,87
21-10-2021,15,2022,0,,MIA,MIL,1512.586137,1667.197782,137,95
21-10-2021,16,2022,0,,GSW,LAC,1541.417931,1624.110628,115,113
22-10-2021,17,2022,0,,WAS,IND,1511.056663,1484.1012,135,134
22-10-2021,18,2022,0,,CLE,CHO,1349.832991,1441.652424,112,123
22-10-2021,19,2022,0,,ORL,NYK,1324.072004,1551.135967,96,121
22-10-2021,20,2022,0,,BOS,TOR,1496.410086,1433.077337,83,115
22-10-2021,21,2022,0,,PHI,BRK,1623.868256,1595.60584,109,114
22-10-2021,22,2022,0,,CHI,NOP,1502.752909,1467.383214,128,112
22-10-2021,23,2022,0,,HOU,OKC,1339.937729,1306.801231,124,91
22-10-2021,24,2022,0,,DEN,SAS,1597.080552,1484.012535,102,96
22-10-2021,25,2022,0,,SAC,UTA,1465.063173,1617.31816,101,110
22-10-2021,26,2022,0,,LAL,PHO,1536.851828,1630.513539,105,115
23-10-2021,27,2022,0,,CLE,ATL,1338.488159,1581.656873,101,95
23-10-2021,28,2022,0,,IND,MIA,1481.716072,1546.457382,102,91
23-10-2021,29,2022,0,,TOR,DAL,1470.995945,1529.281384,95,103
23-10-2021,30,2022,0,,MIN,NOP,1445.98283,1459.404903,96,89
23-10-2021,31,2022,0,,CHI,DET,1510.73122,1373.503545,97,82
23-10-2021,32,2022,0,,SAS,MIL,1481.015893,1633.326537,111,121
23-10-2021,33,2022,0,,POR,PHO,1570.271051,1641.134205,134,105
23-10-2021,34,2022,0,,LAC,MEM,1619.581964,1543.618172,114,120
24-10-2021,35,2022,0,,BRK,CHO,1606.218205,1452.997256,95,111
24-10-2021,36,2022,0,,OKC,PHI,1293.359036,1613.255891,103,115
24-10-2021,37,2022,0,,NYK,ORL,1562.443627,1312.764344,104,110
24-10-2021,38,2022,0,,HOU,BOS,1353.379924,1458.491478,97,107
24-10-2021,39,2022,0,,SAC,GSW,1457.11467,1545.946595,107,119
24-10-2021,40,2022,0,,LAL,MEM,1526.231162,1556.822278,121,118
25-10-2021,41,2022,0,,IND,MIL,1491.34227,1641.798743,109,119
25-10-2021,42,2022,0,,CHO,BOS,1481.599281,1468.674687,129,140
25-10-2021,43,2022,0,,BRK,WAS,1577.61618,1513.441791,104,90
25-10-2021,44,2022,0,,TOR,CHI,1460.480836,1515.333012,108,111
25-10-2021,45,2022,0,,MIA,ORL,1536.831185,1331.705925,107,90
25-10-2021,46,2022,0,,ATL,DET,1569.516043,1368.901753,122,104
25-10-2021,47,2022,0,,MIN,NOP,1451.929657,1453.458076,98,107
25-10-2021,48,2022,0,,DEN,CLE,1600.077194,1350.628989,87,99
25-10-2021,49,2022,0,,LAC,POR,1606.377858,1589.374213,116,86
26-10-2021,50,2022,0,,NYK,PHI,1543.502046,1617.609333,112,99
26-10-2021,51,2022,0,,OKC,GSW,1289.005593,1558.064991,98,106
26-10-2021,52,2022,0,,SAS,LAL,1472.543687,1530.483423,121,125
26-10-2021,53,2022,0,,DAL,HOU,1539.796493,1343.196715,116,106
26-10-2021,54,2022,0,,UTA,DEN,1625.266663,1571.585672,122,110
27-10-2021,55,2022,0,,ORL,CHO,1328.238933,1465.692911,111,120
27-10-2021,56,2022,0,,NOP,ATL,1466.941307,1573.212319,99,102
27-10-2021,57,2022,0,,TOR,IND,1453.931243,1482.805898,118,100
27-10-2021,58,2022,0,,BRK,MIA,1583.979806,1540.298177,93,106
27-10-2021,59,2022,0,,BOS,WAS,1484.581057,1507.078165,107,116
27-10-2021,60,2022,0,,OKC,LAL,1284.618942,1537.816439,123,115
27-10-2021,61,2022,0,,MIL,MIN,1650.335114,1438.446426,108,113
27-10-2021,62,2022,0,,POR,MEM,1575.870259,1552.570016,116,96
27-10-2021,63,2022,0,,PHO,SAC,1622.031043,1444.996274,107,110
27-10-2021,64,2022,0,,LAC,CLE,1619.881812,1379.12051,79,92
28-10-2021,65,2022,0,,WAS,ATL,1519.732625,1578.674636,122,111
28-10-2021,66,2022,0,,PHI,DET,1606.498164,1365.205478,110,102
28-10-2021,67,2022,0,,CHI,NYK,1521.882604,1554.613215,103,104
28-10-2021,68,2022,0,,HOU,UTA,1340.621698,1631.322627,91,122
28-10-2021,69,2022,0,,DAL,SAS,1542.37151,1465.210671,104,99
28-10-2021,70,2022,0,,GSW,MEM,1562.451642,1542.740159,101,104
29-10-2021,71,2022,0,,TOR,ORL,1465.432255,1319.803139,110,109
29-10-2021,72,2022,0,,BRK,IND,1564.715997,1471.304886,105,98
29-10-2021,73,2022,0,,MIA,CHO,1559.561986,1474.128704,114,99
29-10-2021,74,2022,0,,NOP,SAC,1461.478989,1456.937552,109,113
29-10-2021,75,2022,0,,DEN,DAL,1565.529708,1545.639089,106,75
29-10-2021,76,2022,0,,POR,LAC,1585.700117,1590.345946,111,92
29-10-2021,77,2022,0,,LAL,CLE,1523.180745,1408.656377,113,101
30-10-2021,78,2022,0,,WAS,BOS,1529.139762,1471.926598,115,112
30-10-2021,79,2022,0,,NOP,NYK,1452.561259,1559.701925,117,123
30-10-2021,80,2022,0,,DET,ORL,1363.451486,1318.481551,110,103
30-10-2021,81,2022,0,,IND,TOR,1467.702295,1466.753844,94,97
30-10-2021,82,2022,0,,PHI,ATL,1608.252156,1569.267499,122,94
30-10-2021,83,2022,0,,MIL,SAS,1634.251873,1461.943092,93,102
30-10-2021,84,2022,0,,MEM,MIA,1550.972714,1565.562211,103,129
30-10-2021,85,2022,0,,CHI,UTA,1516.793895,1641.043488,107,99
30-10-2021,86,2022,0,,GSW,OKC,1554.219087,1299.254636,103,82
30-10-2021,87,2022,0,,MIN,DEN,1454.529667,1579.179413,91,93
30-10-2021,88,2022,0,,PHO,CLE,1610.089765,1404.180646,101,92
31-10-2021,89,2022,0,,DAL,SAC,1531.989384,1465.855282,105,99
31-10-2021,90,2022,0,,MIL,UTA,1613.657227,1631.139368,95,107
31-10-2021,91,2022,0,,CHO,POR,1468.12848,1596.454922,125,113
31-10-2021,92,2022,0,,BRK,DET,1568.318588,1368.015154,117,91
31-10-2021,93,2022,0,,LAL,HOU,1527.656476,1330.900837,95,85
01-11-2021,94,2022,0,,IND,SAS,1459.901546,1482.537738,131,118
01-11-2021,95,2022,0,,PHI,POR,1619.857289,1583.580349,113,103
01-11-2021,96,2022,0,,CHO,CLE,1481.003052,1401.8867,110,113
01-11-2021,97,2022,0,,ATL,WAS,1557.662366,1532.000455,118,111
01-11-2021,98,2022,0,,BOS,CHI,1469.065905,1526.698014,114,128
01-11-2021,99,2022,0,,NYK,TOR,1567.232729,1474.554592,104,113
01-11-2021,100,2022,0,,MEM,DEN,1524.708486,1583.58222,106,97
01-11-2021,101,2022,0,,MIN,ORL,1450.126861,1313.917883,97,115
01-11-2021,102,2022,0,,LAC,OKC,1579.59114,1296.225991,99,94
02-11-2021,103,2022,0,,DET,MIL,1363.221635,1598.293972,89,117
02-11-2021,104,2022,0,,DAL,MIA,1535.779081,1591.826439,110,125
02-11-2021,105,2022,0,,UTA,SAC,1646.502624,1462.065585,119,113
02-11-2021,106,2022,0,,PHO,NOP,1612.383712,1445.030456,112,100
02-11-2021,107,2022,0,,LAL,HOU,1530.229278,1328.328035,119,117
03-11-2021,108,2022,0,,WAS,TOR,1527.006415,1491.861393,100,109
03-11-2021,109,2022,0,,CLE,POR,1411.507215,1577.715967,107,104
03-11-2021,110,2022,0,,IND,NYK,1468.912508,1549.925928,111,98
03-11-2021,111,2022,0,,ORL,BOS,1343.803592,1454.137549,79,92
03-11-2021,112,2022,0,,PHI,CHI,1625.721672,1541.62637,103,98
03-11-2021,113,2022,0,,BRK,ATL,1573.112107,1562.656406,117,108
03-11-2021,114,2022,0,,MIN,LAC,1420.241152,1580.658996,115,126
03-11-2021,115,2022,0,,MEM,DEN,1533.021943,1575.268762,108,106
03-11-2021,116,2022,0,,SAS,DAL,1473.526776,1520.069042,108,109
03-11-2021,117,2022,0,,SAC,NOP,1460.014201,1441.643177,112,99
03-11-2021,118,2022,0,,GSW,CHO,1557.247732,1471.382537,114,92
04-11-2021,119,2022,0,,DET,PHI,1351.402108,1628.878951,98,109
04-11-2021,120,2022,0,,ATL,UTA,1556.4641,1648.554008,98,116
04-11-2021,121,2022,0,,MIA,BOS,1607.536478,1465.92852,78,95
04-11-2021,122,2022,0,,PHO,HOU,1615.77099,1327.163721,123,111
04-11-2021,123,2022,0,,LAL,OKC,1531.393592,1295.158136,104,107
05-11-2021,124,2022,0,,ORL,SAS,1332.012621,1468.659676,89,102
05-11-2021,125,2022,0,,WAS,MEM,1512.049298,1536.8797,115,87
05-11-2021,126,2022,0,,DET,BRK,1346.297297,1579.304413,90,96
05-11-2021,127,2022,0,,TOR,CLE,1506.81851,1418.522046,101,102
05-11-2021,128,2022,0,,MIL,NYK,1610.113499,1538.515385,98,113
05-11-2021,129,2022,0,,MIN,LAC,1411.545836,1589.354312,84,104
05-11-2021,130,2022,0,,GSW,NOP,1565.034677,1434.122714,126,85
05-11-2021,131,2022,0,,SAC,CHO,1467.534664,1463.595591,140,110
05-11-2021,132,2022,0,,POR,IND,1570.701136,1480.323051,110,106
06-11-2021,133,2022,0,,DEN,HOU,1571.411006,1325.450954,95,94
06-11-2021,134,2022,0,,MIA,UTA,1578.459143,1664.230404,118,115
06-11-2021,135,2022,0,,CHI,PHI,1538.469091,1633.983762,105,114
06-11-2021,136,2022,0,,DAL,BOS,1524.936142,1495.005854,107,104
06-11-2021,137,2022,0,,PHO,ATL,1617.483757,1540.787704,121,117
06-11-2021,138,2022,0,,POR,LAL,1573.450944,1518.027413,105,90
07-11-2021,139,2022,0,,TOR,BRK,1499.706687,1583.741354,103,116
07-11-2021,140,2022,0,,NYK,CLE,1561.257808,1425.633868,109,126
07-11-2021,141,2022,0,,WAS,MIL,1527.48827,1587.371075,101,94
07-11-2021,142,2022,0,,SAC,IND,1481.856083,1477.573243,91,94
07-11-2021,143,2022,0,,ORL,UTA,1321.359791,1658.928961,107,100
07-11-2021,144,2022,0,,OKC,SAS,1308.524315,1479.312507,99,94
07-11-2021,145,2022,0,,GSW,HOU,1574.75882,1324.69056,120,107
07-11-2021,146,2022,0,,LAC,CHO,1601.377898,1449.274173,120,106
08-11-2021,147,2022,0,,PHI,NYK,1643.878752,1532.552488,96,103
08-11-2021,148,2022,0,,MEM,MIN,1521.440728,1399.522249,125,118
08-11-2021,149,2022,0,,CHI,BRK,1528.5741,1596.722579,118,95
08-11-2021,150,2022,0,,DAL,NOP,1528.190112,1424.398572,108,92
08-11-2021,151,2022,0,,DEN,MIA,1572.1714,1583.760586,113,96
08-11-2021,152,2022,0,,GSW,ATL,1577.010573,1537.84445,127,113
08-11-2021,153,2022,0,,SAC,PHO,1473.978918,1620.427011,104,109
08-11-2021,154,2022,0,,LAL,CHO,1511.078745,1445.211013,126,123
09-11-2021,155,2022,0,,PHI,MIL,1628.257894,1580.156938,109,118
09-11-2021,156,2022,0,,UTA,ATL,1642.372645,1530.67394,110,98
09-11-2021,157,2022,0,,LAC,POR,1605.441058,1580.399612,117,109
10-11-2021,158,2022,0,,CLE,WAS,1454.339188,1534.702407,94,97
10-11-2021,159,2022,0,,ORL,BRK,1337.916107,1580.713998,90,123
10-11-2021,160,2022,0,,HOU,DET,1322.438807,1341.860356,104,112
10-11-2021,161,2022,0,,BOS,TOR,1491.751884,1486.725462,104,88
10-11-2021,162,2022,0,,NYK,MIL,1548.173347,1595.640163,100,112
10-11-2021,163,2022,0,,CHI,DAL,1544.582681,1533.902637,117,107
10-11-2021,164,2022,0,,NOP,OKC,1418.686047,1317.483358,100,108
10-11-2021,165,2022,0,,MEM,CHO,1524.555424,1442.467582,108,118
10-11-2021,166,2022,0,,SAS,SAC,1470.353463,1468.095414,136,117
10-11-2021,167,2022,0,,DEN,IND,1582.44347,1485.450408,101,98
10-11-2021,168,2022,0,,PHO,POR,1626.310514,1574.994485,119,109
10-11-2021,169,2022,0,,LAL,MIA,1513.822176,1573.488516,120,117
10-11-2021,170,2022,0,,GSW,MIN,1584.181084,1396.407554,123,110
11-11-2021,171,2022,0,,PHI,TOR,1612.77467,1477.561716,109,115
11-11-2021,172,2022,0,,UTA,IND,1646.913786,1483.099143,100,111
11-11-2021,173,2022,0,,LAC,MIA,1610.846185,1568.698569,112,109
12-11-2021,174,2022,0,,CHO,NYK,1460.455435,1534.203904,104,96
12-11-2021,175,2022,0,,BOS,MIL,1500.915631,1609.609605,122,113
12-11-2021,176,2022,0,,CLE,DET,1448.338665,1353.776564,98,78
12-11-2021,177,2022,0,,HOU,POR,1310.522598,1569.532209,92,104
12-11-2021,178,2022,0,,NOP,BRK,1402.216155,1593.561304,112,120
12-11-2021,179,2022,0,,OKC,SAC,1333.95325,1457.663603,105,103
12-11-2021,180,2022,0,,MEM,PHO,1506.567571,1631.77279,94,119
12-11-2021,181,2022,0,,SAS,DAL,1480.785274,1527.307502,109,123
12-11-2021,182,2022,0,,DEN,ATL,1584.794735,1526.132798,105,96
12-11-2021,183,2022,0,,GSW,CHI,1587.372707,1551.177817,119,93
12-11-2021,184,2022,0,,LAL,MIN,1518.612124,1393.215931,83,107
13-11-2021,185,2022,0,,UTA,MIA,1624.014842,1565.625144,105,111
13-11-2021,186,2022,0,,ORL,WAS,1325.0688,1540.70293,92,104
13-11-2021,187,2022,0,,NOP,MEM,1395.929772,1489.13559,112,101
13-11-2021,188,2022,0,,IND,PHI,1505.998087,1597.633975,118,113
13-11-2021,189,2022,0,,TOR,DET,1492.702411,1346.802543,121,127
13-11-2021,190,2022,0,,CLE,BOS,1455.312687,1510.962862,91,89
13-11-2021,191,2022,0,,LAC,MIN,1613.91961,1428.903007,129,102
14-11-2021,192,2022,0,,LAL,SAS,1482.925047,1465.296755,114,106
14-11-2021,193,2022,0,,ATL,MIL,1521.186657,1599.562374,120,100
14-11-2021,194,2022,0,,CHO,GSW,1468.677363,1598.519568,106,102
14-11-2021,195,2022,0,,HOU,PHO,1304.619679,1649.20477,89,115
14-11-2021,196,2022,0,,OKC,BRK,1339.214139,1599.847687,96,120
14-11-2021,197,2022,0,,DEN,POR,1589.740876,1575.435128,124,95
14-11-2021,198,2022,0,,LAC,CHI,1619.277238,1540.030956,90,100
15-11-2021,199,2022,0,,DET,SAC,1362.294068,1452.402715,107,129
15-11-2021,200,2022,0,,CLE,BOS,1459.386556,1506.888993,92,98
15-11-2021,201,2022,0,,WAS,NOP,1547.934334,1406.667472,105,100
15-11-2021,202,2022,0,,NYK,IND,1525.981976,1512.820428,92,84
15-11-2021,203,2022,0,,ATL,ORL,1536.287501,1317.837396,129,111
15-11-2021,204,2022,0,,MEM,HOU,1478.397891,1298.136798,136,102
15-11-2021,205,2022,0,,OKC,MIA,1329.841074,1578.258378,90,103
15-11-2021,206,2022,0,,DAL,DEN,1542.796021,1603.078639,111,101
15-11-2021,207,2022,0,,MIN,PHO,1423.545379,1655.687652,96,99
15-11-2021,208,2022,0,,POR,TOR,1562.097365,1477.210886,118,113
15-11-2021,209,2022,0,,LAL,CHI,1488.516577,1557.894601,103,121
16-11-2021,210,2022,0,,BRK,GSW,1609.220752,1591.485381,99,117
16-11-2021,211,2022,0,,UTA,PHI,1611.381608,1590.811633,120,85
16-11-2021,212,2022,0,,LAC,SAS,1601.413593,1459.705225,106,92
17-11-2021,213,2022,0,,CHO,WAS,1475.71155,1550.289055,97,87
17-11-2021,214,2022,0,,DET,IND,1344.141869,1507.114531,97,89
17-11-2021,215,2022,0,,MIA,NOP,1584.797364,1404.312751,113,98
17-11-2021,216,2022,0,,MIL,LAL,1584.46153,1471.531065,109,102
17-11-2021,217,2022,0,,ATL,BOS,1539.634334,1516.171158,110,99
17-11-2021,218,2022,0,,NYK,ORL,1531.687873,1314.490563,98,104
17-11-2021,219,2022,0,,BRK,CLE,1586.917254,1450.104391,109,99
17-11-2021,220,2022,0,,OKC,HOU,1323.302088,1291.633695,101,89
17-11-2021,221,2022,0,,MIN,SAC,1420.32463,1470.554913,107,97
17-11-2021,222,2022,0,,POR,CHI,1565.242243,1574.880113,112,107
17-11-2021,223,2022,0,,PHO,DAL,1658.908401,1551.709159,105,98
18-11-2021,224,2022,0,,MIA,WAS,1588.446985,1540.86127,112,97
18-11-2021,225,2022,0,,CLE,GSW,1446.549627,1613.788879,89,104
18-11-2021,226,2022,0,,MIN,SAS,1428.884834,1455.411696,115,90
18-11-2021,227,2022,0,,MEM,LAC,1484.900993,1605.707121,120,108
18-11-2021,228,2022,0,,DEN,PHI,1594.165502,1575.937906,89,103
18-11-2021,229,2022,0,,UTA,TOR,1626.255336,1474.066009,119,103
19-11-2021,230,2022,0,,DET,GSW,1355.417039,1624.122922,102,105
19-11-2021,231,2022,0,,CHO,IND,1485.139334,1495.83936,121,118
19-11-2021,232,2022,0,,BRK,ORL,1590.472018,1332.340047,115,113
19-11-2021,233,2022,0,,BOS,LAL,1509.568136,1468.268587,130,108
19-11-2021,234,2022,0,,MIL,OKC,1587.724008,1330.020473,96,89
19-11-2021,235,2022,0,,NOP,LAC,1400.66313,1593.166162,94,81
19-11-2021,236,2022,0,,DEN,CHI,1575.304726,1569.986608,108,114
19-11-2021,237,2022,0,,PHO,DAL,1662.267998,1548.349562,112,104
19-11-2021,238,2022,0,,SAC,TOR,1461.994709,1469.626759,89,108
20-11-2021,239,2022,0,,NYK,HOU,1513.838389,1284.91531,106,99
20-11-2021,240,2022,0,,IND,NOP,1491.933858,1417.337113,111,94
20-11-2021,241,2022,0,,WAS,MIA,1533.647737,1595.660519,103,100
20-11-2021,242,2022,0,,BOS,OKC,1519.232833,1328.540441,111,105
20-11-2021,243,2022,0,,ATL,CHO,1546.237356,1489.044836,115,105
20-11-2021,244,2022,0,,MIL,ORL,1589.204041,1331.492075,117,108
20-11-2021,245,2022,0,,MIN,MEM,1443.219222,1497.441953,138,95
20-11-2021,246,2022,0,,SAC,UTA,1440.491372,1630.694585,105,123
20-11-2021,247,2022,0,,POR,PHI,1570.135748,1594.798681,118,111
21-11-2021,248,2022,0,,LAC,DAL,1576.492179,1544.846419,97,91
21-11-2021,249,2022,0,,DET,LAL,1352.711279,1458.603891,116,121
21-11-2021,250,2022,0,,CHI,NYK,1580.91486,1515.581412,109,103
21-11-2021,251,2022,0,,PHO,DEN,1665.771141,1564.376474,126,97
21-11-2021,252,2022,0,,GSW,TOR,1626.828683,1491.130097,119,104
22-11-2021,253,2022,0,,CLE,BRK,1436.215583,1591.31999,112,117
22-11-2021,254,2022,0,,WAS,CHO,1538.482592,1483.734182,103,109
22-11-2021,255,2022,0,,ATL,OKC,1551.54801,1326.558229,113,101
22-11-2021,256,2022,0,,BOS,HOU,1521.215044,1283.172287,108,90
22-11-2021,257,2022,0,,NOP,MIN,1410.449623,1467.127277,96,110
22-11-2021,258,2022,0,,CHI,IND,1584.719339,1498.821348,77,109
22-11-2021,259,2022,0,,MIL,ORL,1590.916401,1329.779714,123,92
22-11-2021,260,2022,0,,SAS,PHO,1441.077308,1674.545808,111,115
22-11-2021,261,2022,0,,UTA,MEM,1641.29259,1473.533898,118,119
22-11-2021,262,2022,0,,SAC,PHI,1429.893366,1588.55817,94,102
23-11-2021,263,2022,0,,DET,MIA,1345.825707,1590.825663,92,100
23-11-2021,264,2022,0,,NYK,LAL,1511.776934,1465.489463,106,100
23-11-2021,265,2022,0,,POR,DEN,1576.376259,1555.601807,119,100
23-11-2021,266,2022,0,,LAC,DAL,1580.957282,1540.381316,104,112
24-11-2021,267,2022,0,,CLE,PHO,1430.535491,1678.166866,115,120
24-11-2021,268,2022,0,,ORL,CHO,1325.916866,1496.249428,99,106
24-11-2021,269,2022,0,,IND,LAL,1538.915764,1461.320782,116,124
24-11-2021,270,2022,0,,BOS,BRK,1524.212096,1597.000082,104,123
24-11-2021,271,2022,0,,MIN,MIA,1482.103491,1595.750213,113,101
24-11-2021,272,2022,0,,NOP,WAS,1395.473408,1525.967347,127,102
24-11-2021,273,2022,0,,HOU,CHI,1280.175235,1544.624923,118,113
24-11-2021,274,2022,0,,MEM,TOR,1482.007274,1486.491182,113,126
24-11-2021,275,2022,0,,MIL,DET,1594.77925,1340.901157,114,93
24-11-2021,276,2022,0,,OKC,UTA,1324.093365,1632.819215,104,110
24-11-2021,277,2022,0,,SAS,ATL,1437.456249,1554.012875,106,124
24-11-2021,278,2022,0,,SAC,POR,1422.671629,1585.973034,125,121
24-11-2021,279,2022,0,,GSW,PHI,1631.467598,1595.779907,116,96
26-11-2021,280,2022,0,,LAC,DET,1566.800458,1337.853642,107,96
26-11-2021,281,2022,0,,CHO,MIN,1502.623416,1494.330005,133,115
26-11-2021,282,2022,0,,NYK,PHO,1515.945614,1681.936576,97,118
26-11-2021,283,2022,0,,ORL,CHI,1319.542877,1532.948791,88,123
26-11-2021,284,2022,0,,IND,TOR,1523.349948,1503.315704,114,97
26-11-2021,285,2022,0,,OKC,WAS,1321.029318,1504.595698,99,101
26-11-2021,286,2022,0,,MEM,ATL,1465.182752,1568.328518,100,132
26-11-2021,287,2022,0,,SAS,BOS,1423.140606,1506.789212,96,88
26-11-2021,288,2022,0,,UTA,NOP,1635.883261,1416.845057,97,98
26-11-2021,289,2022,0,,DEN,MIL,1546.005032,1597.826765,109,120
26-11-2021,290,2022,0,,GSW,POR,1640.749683,1578.110823,118,103
26-11-2021,291,2022,0,,LAL,SAC,1476.886598,1430.533841,137,141
27-11-2021,292,2022,0,,PHI,MIN,1586.497823,1484.546368,120,121
27-11-2021,293,2022,0,,BRK,PHO,1614.422966,1695.012999,107,113
27-11-2021,294,2022,0,,ATL,NYK,1590.982867,1502.869191,90,99
27-11-2021,295,2022,0,,CHI,MIA,1548.314661,1583.523699,104,107
27-11-2021,296,2022,0,,CLE,ORL,1426.765781,1304.177007,105,92
27-11-2021,297,2022,0,,HOU,CHO,1291.851367,1512.407054,146,143
27-11-2021,298,2022,0,,DAL,WAS,1554.53814,1508.055961,114,120
27-11-2021,299,2022,0,,UTA,NOP,1626.521165,1426.207153,127,105
28-11-2021,300,2022,0,,LAC,GSW,1569.081574,1647.460823,90,105
28-11-2021,301,2022,0,,IND,MIL,1532.272302,1610.857586,100,118
28-11-2021,302,2022,0,,MEM,SAC,1442.528403,1440.54756,128,101
28-11-2021,303,2022,0,,TOR,BOS,1494.39335,1498.248607,97,109
28-11-2021,304,2022,0,,LAL,DET,1466.872879,1335.572526,110,106
29-11-2021,305,2022,0,,PHI,ORL,1579.152999,1299.656337,101,96
29-11-2021,306,2022,0,,MIA,DEN,1590.506913,1532.974211,111,120
29-11-2021,307,2022,0,,CHI,CHO,1541.331447,1504.154975,133,119
29-11-2021,308,2022,0,,HOU,OKC,1300.103446,1317.569055,102,89
29-11-2021,309,2022,0,,MIN,IND,1491.891192,1515.822418,100,98
29-11-2021,310,2022,0,,SAS,WAS,1431.681211,1520.303795,116,99
29-11-2021,311,2022,0,,DAL,CLE,1542.290306,1431.286451,96,114
29-11-2021,312,2022,0,,UTA,POR,1630.777763,1571.399682,129,107
29-11-2021,313,2022,0,,LAC,NOP,1554.529669,1421.950555,104,123
30-11-2021,314,2022,0,,BRK,NYK,1606.129913,1519.988554,112,110
30-11-2021,315,2022,0,,TOR,MEM,1478.385585,1455.914474,91,98
30-11-2021,316,2022,0,,PHO,GSW,1703.306052,1662.012728,104,96
30-11-2021,317,2022,0,,SAC,LAL,1427.161489,1469.102781,92,117
30-11-2021,318,2022,0,,POR,DET,1562.532732,1333.342624,110,92
01-12-2021,319,2022,0,,ORL,DEN,1298.564281,1548.841747,108,103
01-12-2021,320,2022,0,,WAS,MIN,1506.263601,1495.464296,115,107
01-12-2021,321,2022,0,,IND,ATL,1512.249314,1573.863504,111,114
01-12-2021,322,2022,0,,MIA,CLE,1574.639376,1459.545737,85,111
01-12-2021,323,2022,0,,BOS,PHI,1514.256373,1580.245055,88,87
01-12-2021,324,2022,0,,NOP,DAL,1452.726031,1514.03102,107,139
01-12-2021,325,2022,0,,OKC,HOU,1308.755362,1308.917139,110,114
01-12-2021,326,2022,0,,MIL,CHO,1627.30747,1496.91729,127,125
01-12-2021,327,2022,0,,LAC,SAC,1523.754192,1403.726866,115,124
02-12-2021,328,2022,0,,TOR,MIL,1465.901148,1629.019255,97,93
02-12-2021,329,2022,0,,NYK,CHI,1517.842733,1548.569132,115,119
02-12-2021,330,2022,0,,MEM,OKC,1468.398911,1299.959534,152,79
02-12-2021,331,2022,0,,PHO,DET,1708.317498,1330.191795,114,103
02-12-2021,332,2022,0,,POR,SAS,1565.68356,1445.721405,83,114
03-12-2021,333,2022,0,,IND,MIA,1505.84692,1537.713053,104,113
03-12-2021,334,2022,0,,WAS,CLE,1512.030603,1496.472061,101,116
03-12-2021,335,2022,0,,ATL,PHI,1580.265898,1576.694173,96,98
03-12-2021,336,2022,0,,BRK,MIN,1608.275734,1489.697294,110,105
03-12-2021,337,2022,0,,HOU,ORL,1317.712967,1309.822413,118,116
03-12-2021,338,2022,0,,DAL,NOP,1540.305281,1426.451771,91,107
03-12-2021,339,2022,0,,UTA,BOS,1639.644713,1517.807254,137,130
03-12-2021,340,2022,0,,GSW,PHO,1657.001282,1709.272578,118,96
03-12-2021,341,2022,0,,LAL,LAC,1492.537404,1505.32188,115,119
04-12-2021,342,2022,0,,NYK,DEN,1509.829756,1537.583615,99,113
04-12-2021,343,2022,0,,MIL,MIA,1621.161658,1550.001441,124,102
04-12-2021,344,2022,0,,BRK,CHI,1610.926615,1556.582109,107,111
04-12-2021,345,2022,0,,DAL,MEM,1514.050904,1480.732266,90,97
04-12-2021,346,2022,0,,GSW,SAS,1671.564953,1488.120311,107,112
04-12-2021,347,2022,0,,POR,BOS,1523.284654,1514.691251,117,145
04-12-2021,348,2022,0,,SAC,LAC,1422.159179,1513.792308,104,99
05-12-2021,349,2022,0,,CLE,UTA,1516.066872,1642.760716,108,109
05-12-2021,350,2022,0,,ATL,CHO,1573.47191,1495.205505,127,130
05-12-2021,351,2022,0,,TOR,WAS,1473.758745,1492.435792,102,90
05-12-2021,352,2022,0,,HOU,NOP,1320.822428,1452.706147,118,108
06-12-2021,353,2022,0,,IND,WAS,1493.558532,1484.02194,116,110
06-12-2021,354,2022,0,,DET,OKC,1329.236716,1287.62618,103,114
06-12-2021,355,2022,0,,CHO,PHI,1504.806013,1583.488162,124,127
06-12-2021,356,2022,0,,MIA,MEM,1541.627874,1493.595483,90,105
06-12-2021,357,2022,0,,MIL,CLE,1629.535224,1512.412926,112,104
06-12-2021,358,2022,0,,CHI,DEN,1566.807258,1554.03258,109,97
06-12-2021,359,2022,0,,MIN,ATL,1487.046412,1563.871402,110,121
06-12-2021,360,2022,0,,PHO,SAS,1694.708907,1503.344526,108,104
06-12-2021,361,2022,0,,POR,LAC,1493.611574,1506.970037,90,102
06-12-2021,362,2022,0,,GSW,ORL,1656.340738,1306.712952,126,95
07-12-2021,363,2022,0,,DAL,BRK,1501.187686,1600.701467,99,102
07-12-2021,364,2022,0,,SAS,NYK,1501.729312,1493.380791,109,121
07-12-2021,365,2022,0,,LAL,BOS,1484.066976,1544.364331,117,102
08-12-2021,366,2022,0,,CLE,CHI,1508.967082,1574.132831,115,92
08-12-2021,367,2022,0,,DET,WAS,1312.019836,1479.082294,116,119
08-12-2021,368,2022,0,,IND,NYK,1498.498179,1509.970531,122,102
08-12-2021,369,2022,0,,CHO,PHI,1498.769856,1589.524319,106,110
08-12-2021,370,2022,0,,MIA,MIL,1520.215928,1632.981068,113,104
08-12-2021,371,2022,0,,TOR,OKC,1482.172597,1304.843059,109,110
08-12-2021,372,2022,0,,NOP,DEN,1441.082479,1546.707007,114,120
08-12-2021,373,2022,0,,HOU,BRK,1332.446096,1606.302086,114,104
08-12-2021,374,2022,0,,MEM,DAL,1515.00743,1495.587067,96,104
08-12-2021,375,2022,0,,MIN,UTA,1475.079782,1646.414662,104,136
08-12-2021,376,2022,0,,GSW,POR,1658.643078,1478.053926,104,94
08-12-2021,377,2022,0,,SAC,ORL,1428.981449,1304.410612,142,130
08-12-2021,378,2022,0,,LAC,BOS,1522.527685,1532.800029,114,111
09-12-2021,379,2022,0,,PHI,UTA,1596.065324,1663.706108,96,118
09-12-2021,380,2022,0,,MEM,LAL,1501.648473,1495.631278,108,95
09-12-2021,381,2022,0,,SAS,DEN,1485.139572,1554.280486,123,111
10-12-2021,382,2022,0,,IND,DAL,1509.979606,1508.946024,106,93
10-12-2021,383,2022,0,,CHO,SAC,1492.22885,1433.230703,124,123
10-12-2021,384,2022,0,,ATL,BRK,1575.838033,1588.67388,105,113
10-12-2021,385,2022,0,,TOR,NYK,1473.534191,1498.489104,90,87
10-12-2021,386,2022,0,,OKC,LAL,1313.481465,1487.679847,95,116
10-12-2021,387,2022,0,,NOP,DET,1433.509001,1307.725513,109,93
10-12-2021,388,2022,0,,MIN,CLE,1457.788336,1524.788971,106,123
10-12-2021,389,2022,0,,HOU,MIL,1350.074301,1622.785651,114,123
10-12-2021,390,2022,0,,PHO,BOS,1696.324121,1528.901787,111,90
11-12-2021,391,2022,0,,LAC,ORL,1526.425927,1300.161359,106,104
11-12-2021,392,2022,0,,WAS,UTA,1483.376617,1683.351,98,123
11-12-2021,393,2022,0,,CLE,SAC,1541.258272,1431.180174,117,103
11-12-2021,394,2022,0,,MIA,CHI,1530.411344,1558.310942,118,92
11-12-2021,395,2022,0,,MEM,HOU,1509.599904,1345.45472,113,106
11-12-2021,396,2022,0,,PHI,GSW,1576.420432,1661.45457,102,93
11-12-2021,397,2022,0,,SAS,DEN,1495.489462,1543.930596,112,127
12-12-2021,398,2022,0,,NYK,MIL,1494.336891,1627.405233,97,112
12-12-2021,399,2022,0,,DET,BRK,1302.623929,1600.832196,104,116
12-12-2021,400,2022,0,,SAS,NOP,1479.378034,1438.610585,112,97
12-12-2021,401,2022,0,,OKC,DAL,1300.849019,1500.816277,84,103
12-12-2021,402,2022,0,,POR,MIN,1475.242434,1441.319035,111,116
12-12-2021,403,2022,0,,LAL,ORL,1500.312293,1299.145153,106,94
13-12-2021,404,2022,0,,CLE,MIA,1546.319509,1545.239668,105,94
13-12-2021,405,2022,0,,TOR,SAC,1477.686404,1426.118937,124,101
13-12-2021,406,2022,0,,IND,GSW,1518.109352,1652.249972,100,102
13-12-2021,407,2022,0,,ATL,HOU,1563.679717,1342.963056,126,132
13-12-2021,408,2022,0,,BOS,MIL,1523.97022,1639.277055,117,103
13-12-2021,409,2022,0,,MEM,PHI,1512.091568,1585.62503,126,91
13-12-2021,410,2022,0,,DAL,CHO,1511.354567,1494.279379,120,96
13-12-2021,411,2022,0,,DEN,WAS,1560.042024,1470.596209,113,107
13-12-2021,412,2022,0,,LAC,PHO,1527.442133,1701.255688,111,95
14-12-2021,413,2022,0,,NYK,GSW,1482.465069,1656.492678,96,105
14-12-2021,414,2022,0,,BRK,TOR,1605.696141,1487.185374,131,129
14-12-2021,415,2022,0,,POR,PHO,1464.464498,1683.187521,107,111
15-12-2021,416,2022,0,,CLE,HOU,1553.624075,1360.930125,124,89
15-12-2021,417,2022,0,,ORL,ATL,1296.329801,1545.712648,99,111
15-12-2021,418,2022,0,,PHI,MIA,1563.477558,1537.935103,96,101
15-12-2021,419,2022,0,,DAL,LAL,1522.851966,1503.127645,104,107
15-12-2021,420,2022,0,,MIL,IND,1625.682624,1513.866646,114,99
15-12-2021,421,2022,0,,OKC,NOP,1290.31073,1431.160837,110,113
15-12-2021,422,2022,0,,SAS,CHO,1486.827781,1482.78198,115,131
15-12-2021,423,2022,0,,DEN,MIN,1563.419909,1452.096971,107,124
15-12-2021,424,2022,0,,SAC,WAS,1416.619967,1467.218325,119,105
15-12-2021,425,2022,0,,UTA,LAC,1696.131408,1545.5103,124,103
15-12-2021,426,2022,0,,POR,MEM,1460.588971,1534.23904,103,113
16-12-2021,427,2022,0,,IND,DET,1508.615562,1297.759984,122,113
16-12-2021,428,2022,0,,BRK,PHI,1607.516873,1552.944613,114,105
16-12-2021,429,2022,0,,HOU,NYK,1354.724269,1475.204381,103,116
16-12-2021,430,2022,0,,PHO,WAS,1687.063048,1456.59313,118,98
17-12-2021,431,2022,0,,ORL,MIA,1290.148314,1548.468048,105,115
17-12-2021,432,2022,0,,BOS,GSW,1537.564651,1663.753367,107,111
17-12-2021,433,2022,0,,ATL,DEN,1551.894135,1536.222622,115,133
17-12-2021,434,2022,0,,NOP,MIL,1435.94093,1630.933707,116,112
17-12-2021,435,2022,0,,UTA,SAS,1701.527796,1467.032944,126,128
17-12-2021,436,2022,0,,POR,CHO,1449.185533,1502.576817,125,116
17-12-2021,437,2022,0,,MIN,LAL,1479.294259,1511.360497,110,92
17-12-2021,438,2022,0,,SAC,MEM,1427.245162,1545.642477,105,124
18-12-2021,439,2022,0,,DET,HOU,1295.528311,1343.378795,107,116
18-12-2021,440,2022,0,,BOS,NYK,1531.836113,1486.549855,114,107
18-12-2021,441,2022,0,,TOR,GSW,1485.364641,1669.481904,119,100
18-12-2021,442,2022,0,,BRK,ORL,1612.561178,1284.86639,93,100
18-12-2021,443,2022,0,,OKC,LAC,1285.530637,1540.113912,104,103
18-12-2021,444,2022,0,,UTA,WAS,1690.012252,1453.228812,103,109
18-12-2021,445,2022,0,,MIL,CLE,1622.263106,1559.829931,90,119
19-12-2021,446,2022,0,,DET,MIA,1283.857419,1553.749972,100,90
19-12-2021,447,2022,0,,SAC,SAS,1412.490598,1478.548488,121,114
19-12-2021,448,2022,0,,MEM,POR,1560.397041,1457.318101,100,105
19-12-2021,449,2022,0,,MIN,DAL,1490.950644,1514.619115,111,105
19-12-2021,450,2022,0,,CHI,LAL,1543.482618,1499.704112,115,110
19-12-2021,451,2022,0,,PHO,CHO,1690.427366,1494.444249,137,106
20-12-2021,452,2022,0,,BOS,PHI,1536.392955,1547.900308,103,108
20-12-2021,453,2022,0,,MEM,OKC,1547.575428,1292.069583,99,102
20-12-2021,454,2022,0,,CHI,HOU,1547.32174,1355.049687,133,118
20-12-2021,455,2022,0,,UTA,CHO,1671.506218,1488.868716,112,102
20-12-2021,456,2022,0,,GSW,SAC,1648.508324,1419.883357,113,98
20-12-2021,457,2022,0,,LAC,SAS,1533.574966,1471.15573,92,116
21-12-2021,458,2022,0,,MIA,IND,1536.294726,1510.847235,125,96
21-12-2021,459,2022,0,,NYK,DET,1481.993012,1301.312664,105,91
21-12-2021,460,2022,0,,NOP,POR,1444.611531,1470.139714,111,97
21-12-2021,461,2022,0,,DAL,MIN,1508.907246,1496.662513,114,102
21-12-2021,462,2022,0,,LAL,PHO,1495.86499,1696.002898,90,108
22-12-2021,463,2022,0,,BOS,CLE,1526.931079,1595.044774,111,101
22-12-2021,464,2022,0,,ATL,ORL,1529.720462,1308.433728,98,104
22-12-2021,465,2022,0,,OKC,DEN,1305.906982,1558.396294,108,94
22-12-2021,466,2022,0,,MIL,HOU,1587.048263,1351.628308,126,106
22-12-2021,467,2022,0,,SAC,LAC,1417.0892,1502.836556,89,105
23-12-2021,468,2022,0,,ORL,NOP,1326.419858,1454.18731,104,110
23-12-2021,469,2022,0,,IND,HOU,1498.1707,1348.356778,118,106
23-12-2021,470,2022,0,,PHI,ATL,1557.362184,1511.734331,96,98
23-12-2021,471,2022,0,,NYK,WAS,1485.475786,1471.734846,117,124
23-12-2021,472,2022,0,,MIA,DET,1548.971261,1297.829891,115,112
23-12-2021,473,2022,0,,DAL,MIL,1516.250359,1590.319793,95,102
23-12-2021,474,2022,0,,UTA,MIN,1674.286446,1489.319399,128,116
23-12-2021,475,2022,0,,PHO,OKC,1706.148538,1326.601669,113,101
23-12-2021,476,2022,0,,DEN,CHO,1537.701607,1486.088489,107,115
23-12-2021,477,2022,0,,GSW,MEM,1651.302481,1533.738029,113,104
23-12-2021,478,2022,0,,LAL,SAS,1485.71935,1501.894139,110,138
25-12-2021,479,2022,0,,NYK,ATL,1473.294884,1519.370253,101,87
25-12-2021,480,2022,0,,MIL,BOS,1599.550766,1536.12434,117,113
25-12-2021,481,2022,0,,PHO,GSW,1707.149258,1654.988317,107,116
25-12-2021,482,2022,0,,LAL,BRK,1458.149367,1588.993841,115,122
25-12-2021,483,2022,0,,UTA,DAL,1677.36443,1507.019387,120,116
26-12-2021,484,2022,0,,MIA,ORL,1549.992404,1319.458466,93,83
26-12-2021,485,2022,0,,CLE,TOR,1585.851513,1506.338222,144,99
26-12-2021,486,2022,0,,WAS,PHI,1483.915748,1549.726262,96,117
26-12-2021,487,2022,0,,SAC,MEM,1402.285427,1530.052192,102,127
26-12-2021,488,2022,0,,OKC,NOP,1325.600949,1461.148702,117,112
26-12-2021,489,2022,0,,SAS,DET,1529.464122,1296.808748,144,109
26-12-2021,490,2022,0,,CHI,IND,1550.743119,1501.89181,113,105
26-12-2021,491,2022,0,,LAC,DEN,1517.64033,1523.126125,100,103
27-12-2021,492,2022,0,,CHO,HOU,1500.663971,1344.635668,123,99
27-12-2021,493,2022,0,,ATL,CHI,1508.938927,1555.578519,118,130
27-12-2021,494,2022,0,,MIN,BOS,1486.241415,1532.983836,108,103
27-12-2021,495,2022,0,,SAS,UTA,1534.429856,1679.17591,104,110
27-12-2021,496,2022,0,,PHO,MEM,1691.500726,1547.31175,113,114
27-12-2021,497,2022,0,,POR,DAL,1460.563935,1505.207907,117,132
27-12-2021,498,2022,0,,LAC,BRK,1509.986605,1596.477045,108,124
28-12-2021,499,2022,0,,ORL,MIL,1317.327814,1602.691271,110,127
28-12-2021,500,2022,0,,TOR,PHI,1492.795628,1568.859537,109,114
28-12-2021,501,2022,0,,MIA,WAS,1552.123056,1464.782472,119,112
28-12-2021,502,2022,0,,HOU,LAL,1338.874686,1450.666163,123,132
28-12-2021,503,2022,0,,MIN,NYK,1491.964577,1483.72621,88,96
28-12-2021,504,2022,0,,NOP,CLE,1453.166811,1599.394106,108,104
28-12-2021,505,2022,0,,SAC,OKC,1385.025869,1333.58284,117,111
28-12-2021,506,2022,0,,GSW,DEN,1670.636849,1530.77985,86,89
29-12-2021,507,2022,0,,IND,CHO,1497.05641,1506.424953,108,116
29-12-2021,508,2022,0,,DET,NYK,1291.843014,1496.666462,85,94
29-12-2021,509,2022,0,,BOS,LAC,1527.260674,1495.222076,82,91
29-12-2021,510,2022,0,,MEM,LAL,1555.379824,1459.98189,104,99
29-12-2021,511,2022,0,,CHI,ATL,1569.585897,1494.931549,131,117
29-12-2021,512,2022,0,,PHO,OKC,1683.432653,1329.515132,115,97
29-12-2021,513,2022,0,,POR,UTA,1444.250924,1685.685202,105,120
29-12-2021,514,2022,0,,SAC,DAL,1389.093577,1521.520918,95,94
30-12-2021,515,2022,0,,ORL,MIL,1310.797644,1609.221441,118,136
30-12-2021,516,2022,0,,WAS,CLE,1461.068662,1591.9582,110,93
30-12-2021,517,2022,0,,BRK,PHI,1611.241573,1576.527816,102,110
31-12-2021,518,2022,0,,BOS,PHO,1512.429348,1684.959107,123,108
31-12-2021,519,2022,0,,IND,CHI,1484.770168,1575.631967,106,108
31-12-2021,520,2022,0,,SAC,DAL,1393.629307,1516.985188,96,112
31-12-2021,521,2022,0,,HOU,MIA,1329.55896,1555.836867,110,120
31-12-2021,522,2022,0,,CLE,ATL,1575.607836,1488.885479,118,121
31-12-2021,523,2022,0,,TOR,LAC,1485.127349,1510.053402,116,108
31-12-2021,524,2022,0,,OKC,NYK,1327.988678,1503.016968,95,80
31-12-2021,525,2022,0,,MEM,SAS,1558.363456,1527.920564,118,105
31-12-2021,526,2022,0,,UTA,MIN,1693.11161,1479.024325,120,108
31-12-2021,527,2022,0,,LAL,POR,1456.998258,1436.824517,139,106
01-01-2022,528,2022,0,,MIL,NOP,1615.580868,1460.602718,136,113
01-01-2022,529,2022,0,,WAS,CHI,1477.419026,1580.627409,119,120
01-01-2022,530,2022,0,,DET,SAS,1285.492508,1520.805857,117,116
01-01-2022,531,2022,0,,BRK,LAC,1597.306495,1503.310924,116,120
01-01-2022,532,2022,0,,HOU,DEN,1323.416042,1541.836468,111,124
01-01-2022,533,2022,0,,UTA,GSW,1695.731773,1659.580231,116,123
02-01-2022,534,2022,0,,TOR,NYK,1491.869827,1485.647919,120,105
02-01-2022,535,2022,0,,SAC,MIA,1380.754924,1561.979785,115,113
02-01-2022,536,2022,0,,BOS,ORL,1529.663255,1304.438216,116,111
02-01-2022,537,2022,0,,CLE,IND,1565.808144,1479.774726,108,104
02-01-2022,538,2022,0,,OKC,DAL,1345.357726,1529.859571,86,95
02-01-2022,539,2022,0,,CHO,PHO,1518.711196,1667.725199,99,133
02-01-2022,540,2022,0,,LAL,MIN,1471.268155,1476.404162,108,103
03-01-2022,541,2022,0,,WAS,CHO,1473.424691,1498.88582,124,121
03-01-2022,542,2022,0,,PHI,HOU,1590.462894,1315.897271,133,113
03-01-2022,543,2022,0,,BRK,MEM,1586.026568,1565.478163,104,118
03-01-2022,544,2022,0,,CHI,ORL,1584.621743,1302.949481,102,98
03-01-2022,545,2022,0,,MIL,DET,1621.201977,1291.706188,106,115
03-01-2022,546,2022,0,,NOP,UTA,1454.981608,1682.769367,104,115
03-01-2022,547,2022,0,,DAL,DEN,1536.802246,1549.355239,103,89
03-01-2022,548,2022,0,,GSW,MIA,1672.542637,1555.62555,115,108
03-01-2022,549,2022,0,,POR,ATL,1422.554619,1498.685171,136,131
03-01-2022,550,2022,0,,LAC,MIN,1514.590852,1471.606043,104,122
04-01-2022,551,2022,0,,CLE,MEM,1568.618294,1584.462378,106,110
04-01-2022,552,2022,0,,TOR,SAS,1500.598939,1514.592177,129,104
04-01-2022,553,2022,0,,NYK,IND,1476.918808,1476.964576,104,94
04-01-2022,554,2022,0,,NOP,PHO,1448.50872,1687.550575,110,123
04-01-2022,555,2022,0,,LAL,SAC,1476.066275,1387.109158,122,114
05-01-2022,556,2022,0,,CHO,DET,1494.724678,1319.056343,140,111
05-01-2022,557,2022,0,,ORL,PHI,1301.980356,1593.078282,106,116
05-01-2022,558,2022,0,,WAS,HOU,1477.585832,1313.281883,111,114
05-01-2022,559,2022,0,,BOS,SAS,1531.15199,1501.006382,97,99
05-01-2022,560,2022,0,,DAL,GSW,1545.859765,1675.738887,99,82
05-01-2022,561,2022,0,,IND,BRK,1470.04608,1567.042353,121,129
05-01-2022,562,2022,0,,MIN,OKC,1495.507116,1338.415052,98,90
05-01-2022,563,2022,0,,MIL,TOR,1593.851822,1514.184735,111,117
05-01-2022,564,2022,0,,DEN,UTA,1540.297719,1689.242255,109,115
05-01-2022,565,2022,0,,POR,MIA,1428.986454,1552.429299,109,115
05-01-2022,566,2022,0,,SAC,ATL,1383.13334,1492.253336,102,108
06-01-2022,567,2022,0,,NYK,BOS,1483.837304,1523.827748,108,105
06-01-2022,568,2022,0,,NOP,GSW,1441.673694,1659.445373,101,96
06-01-2022,569,2022,0,,MEM,DET,1592.854352,1313.119741,118,88
06-01-2022,570,2022,0,,PHO,LAC,1694.385602,1490.689779,106,89
07-01-2022,571,2022,0,,PHI,SAS,1597.574136,1508.330625,119,100
07-01-2022,572,2022,0,,TOR,UTA,1527.509399,1695.6422,122,108
07-01-2022,573,2022,0,,BRK,MIL,1576.222215,1580.527158,109,121
07-01-2022,574,2022,0,,HOU,DAL,1324.919635,1562.15328,106,130
07-01-2022,575,2022,0,,OKC,MIN,1335.622199,1498.299968,105,135
07-01-2022,576,2022,0,,CHI,WAS,1585.590869,1465.948081,130,122
07-01-2022,577,2022,0,,DEN,SAC,1533.897774,1375.658084,121,111
07-01-2022,578,2022,0,,POR,CLE,1421.907455,1560.22632,101,114
07-01-2022,579,2022,0,,LAL,ATL,1480.042093,1499.728592,134,118
08-01-2022,580,2022,0,,LAC,MEM,1487.195176,1596.242683,108,123
08-01-2022,581,2022,0,,DET,ORL,1309.73141,1297.484502,97,92
08-01-2022,582,2022,0,,CHO,MIL,1500.66128,1596.51356,114,106
08-01-2022,583,2022,0,,IND,UTA,1460.866218,1679.405134,125,113
08-01-2022,584,2022,0,,BOS,NYK,1519.405559,1488.259492,99,75
08-01-2022,585,2022,0,,PHO,MIA,1697.880204,1559.508299,100,123
09-01-2022,586,2022,0,,BRK,SAS,1560.235813,1501.41823,121,119
09-01-2022,587,2022,0,,LAC,ATL,1474.176464,1489.519096,106,93
09-01-2022,588,2022,0,,ORL,WAS,1293.043561,1462.546785,100,102
09-01-2022,589,2022,0,,TOR,NOP,1543.746466,1451.980261,105,101
09-01-2022,590,2022,0,,HOU,MIN,1314.443156,1515.405067,123,141
09-01-2022,591,2022,0,,OKC,DEN,1318.5171,1537.070404,95,99
09-01-2022,592,2022,0,,DAL,CHI,1572.629758,1588.992164,113,99
09-01-2022,593,2022,0,,GSW,CLE,1649.138806,1570.808783,96,82
09-01-2022,594,2022,0,,POR,SAC,1411.324992,1372.485454,103,88
09-01-2022,595,2022,0,,LAL,MEM,1490.251589,1609.261395,119,127
10-01-2022,596,2022,0,,CHO,MIL,1509.602537,1587.572303,103,99
10-01-2022,597,2022,0,,DET,UTA,1314.172351,1662.326452,126,116
10-01-2022,598,2022,0,,NYK,SAS,1477.48155,1498.964811,111,96
10-01-2022,599,2022,0,,BOS,IND,1530.183501,1477.9449,101,98
10-01-2022,600,2022,0,,HOU,PHI,1304.334477,1604.48653,91,111
10-01-2022,601,2022,0,,POR,BRK,1418.842509,1562.689233,114,108
10-01-2022,602,2022,0,,SAC,CLE,1362.272663,1567.566503,108,109
11-01-2022,603,2022,0,,WAS,OKC,1466.220477,1314.638576,122,118
11-01-2022,604,2022,0,,TOR,PHO,1546.477207,1662.260235,95,99
11-01-2022,605,2022,0,,NOP,MIN,1449.24952,1525.513746,128,125
11-01-2022,606,2022,0,,CHI,DET,1579.784297,1335.061762,133,87
11-01-2022,607,2022,0,,MEM,GSW,1617.715856,1655.076359,116,108
11-01-2022,608,2022,0,,LAC,DEN,1482.909925,1540.948928,87,85
12-01-2022,609,2022,0,,WAS,ORL,1468.223983,1289.369869,112,106
12-01-2022,610,2022,0,,PHI,CHO,1611.266497,1515.423831,98,109
12-01-2022,611,2022,0,,IND,BOS,1475.015174,1533.113226,100,119
12-01-2022,612,2022,0,,NYK,DAL,1487.334289,1581.837625,108,85
12-01-2022,613,2022,0,,ATL,MIA,1480.785635,1595.128268,91,115
12-01-2022,614,2022,0,,SAS,HOU,1489.112072,1297.55451,124,128
12-01-2022,615,2022,0,,UTA,CLE,1641.43704,1570.197983,91,111
12-01-2022,616,2022,0,,CHI,BRK,1585.467667,1553.669382,112,138
12-01-2022,617,2022,0,,SAC,LAL,1359.641183,1481.797129,125,116
13-01-2022,618,2022,0,,MIL,GSW,1581.751009,1647.972446,118,99
13-01-2022,619,2022,0,,MEM,MIN,1624.819769,1520.401545,116,108
13-01-2022,620,2022,0,,NOP,LAC,1454.361722,1487.022979,113,89
13-01-2022,621,2022,0,,BRK,OKC,1583.69338,1312.635069,109,130
13-01-2022,622,2022,0,,DEN,POR,1536.835874,1427.86236,140,108
14-01-2022,623,2022,0,,PHI,BOS,1591.54114,1551.43263,111,99
14-01-2022,624,2022,0,,IND,PHO,1456.695771,1668.222224,94,112
14-01-2022,625,2022,0,,DET,TOR,1329.378392,1540.515218,103,87
14-01-2022,626,2022,0,,CHO,ORL,1535.149187,1287.254999,109,116
14-01-2022,627,2022,0,,CHI,GSW,1555.443668,1634.072143,96,138
14-01-2022,628,2022,0,,MIA,ATL,1612.77957,1463.134333,124,118
14-01-2022,629,2022,0,,SAS,CLE,1475.210747,1597.842734,109,114
14-01-2022,630,2022,0,,MEM,DAL,1628.49729,1564.133002,85,112
14-01-2022,631,2022,0,,SAC,HOU,1370.181727,1311.455836,126,114
15-01-2022,632,2022,0,,MIL,TOR,1595.651313,1520.310577,96,103
15-01-2022,633,2022,0,,WAS,POR,1470.338854,1418.792389,110,115
15-01-2022,634,2022,0,,BRK,NOP,1540.581595,1468.649422,120,105
15-01-2022,635,2022,0,,ATL,NYK,1460.659288,1505.038912,108,117
15-01-2022,636,2022,0,,OKC,CLE,1355.746855,1604.305332,102,107
15-01-2022,637,2022,0,,MIA,PHI,1615.254615,1597.999794,98,109
15-01-2022,638,2022,0,,BOS,CHI,1544.973976,1525.182097,114,112
15-01-2022,639,2022,0,,SAS,LAC,1468.748149,1472.735279,101,94
15-01-2022,640,2022,0,,DEN,LAL,1545.905845,1471.256585,133,96
15-01-2022,641,2022,0,,DAL,ORL,1597.740033,1307.796569,108,92
16-01-2022,642,2022,0,,DET,PHO,1349.583033,1677.864712,108,135
16-01-2022,643,2022,0,,SAC,HOU,1376.092723,1305.544839,112,118
16-01-2022,644,2022,0,,DEN,UTA,1557.894567,1613.792289,102,125
16-01-2022,645,2022,0,,MIN,GSW,1516.724023,1664.333714,119,99
17-01-2022,646,2022,0,,BOS,NOP,1547.920513,1462.23534,104,92
17-01-2022,647,2022,0,,NYK,CHO,1516.843079,1514.607617,87,97
17-01-2022,648,2022,0,,WAS,PHI,1459.043358,1614.10294,117,98
17-01-2022,649,2022,0,,CLE,BRK,1608.058474,1546.995677,114,107
17-01-2022,650,2022,0,,MEM,CHI,1594.890259,1522.23556,119,106
17-01-2022,651,2022,0,,LAC,IND,1467.028287,1447.053282,139,133
17-01-2022,652,2022,0,,ATL,MIL,1448.855121,1581.308061,121,114
17-01-2022,653,2022,0,,ORL,POR,1305.743258,1430.087885,88,98
17-01-2022,654,2022,0,,MIA,TOR,1599.151468,1534.653828,104,99
17-01-2022,655,2022,0,,SAS,PHO,1474.455141,1685.121584,107,121
17-01-2022,656,2022,0,,DAL,OKC,1599.793344,1351.993713,104,102
17-01-2022,657,2022,0,,LAL,UTA,1459.267864,1634.886112,101,95
18-01-2022,658,2022,0,,NYK,MIN,1502.308315,1536.071879,110,112
18-01-2022,659,2022,0,,GSW,DET,1644.985859,1342.326161,102,86
19-01-2022,660,2022,0,,WAS,BRK,1478.178616,1542.770063,118,119
19-01-2022,661,2022,0,,PHI,ORL,1594.967681,1296.276081,123,110
19-01-2022,662,2022,0,,BOS,CHO,1553.099891,1529.142381,102,111
19-01-2022,663,2022,0,,ATL,MIN,1458.296542,1542.135198,134,122
19-01-2022,664,2022,0,,MIA,POR,1602.627919,1439.555062,104,92
19-01-2022,665,2022,0,,CHI,CLE,1516.418892,1612.284088,117,104
19-01-2022,666,2022,0,,MIL,MEM,1571.866641,1600.706927,126,114
19-01-2022,667,2022,0,,SAS,OKC,1466.280762,1351.094179,118,96
19-01-2022,668,2022,0,,DAL,TOR,1600.692879,1531.177377,102,98
19-01-2022,669,2022,0,,UTA,HOU,1624.891862,1318.572787,111,116
19-01-2022,670,2022,0,,SAC,DET,1363.064776,1340.419575,131,133
19-01-2022,671,2022,0,,DEN,LAC,1536.800744,1471.73987,130,128
19-01-2022,672,2022,0,,LAL,IND,1469.262113,1442.341699,104,111
20-01-2022,673,2022,0,,NYK,NOP,1496.244995,1457.055962,91,102
20-01-2022,674,2022,0,,DAL,PHO,1603.741686,1693.295963,101,109
20-01-2022,675,2022,0,,GSW,IND,1646.892445,1454.981295,117,121
21-01-2022,676,2022,0,,ORL,LAL,1294.57543,1456.622517,105,116
21-01-2022,677,2022,0,,PHI,LAC,1596.668332,1469.359457,101,102
21-01-2022,678,2022,0,,CHO,OKC,1543.647198,1344.381999,121,98
21-01-2022,679,2022,0,,BOS,POR,1538.595075,1436.088741,105,109
21-01-2022,680,2022,0,,ATL,MIA,1469.250254,1606.094241,110,108
21-01-2022,681,2022,0,,MIL,CHI,1580.652226,1528.485946,94,90
21-01-2022,682,2022,0,,WAS,TOR,1473.596399,1528.128569,105,109
21-01-2022,683,2022,0,,SAS,BRK,1472.992941,1547.35228,102,117
21-01-2022,684,2022,0,,UTA,DET,1605.872653,1347.593485,111,101
21-01-2022,685,2022,0,,DEN,MEM,1539.181157,1591.921342,118,122
21-01-2022,686,2022,0,,GSW,HOU,1632.98154,1337.591996,105,103
22-01-2022,687,2022,0,,MIL,SAC,1583.967615,1355.890866,133,127
22-01-2022,688,2022,0,,CLE,OKC,1600.217034,1339.96417,94,87
22-01-2022,689,2022,0,,PHO,IND,1702.726974,1468.892201,113,103
23-01-2022,690,2022,0,,NYK,LAC,1479.139311,1477.138052,110,102
23-01-2022,691,2022,0,,WAS,BOS,1466.17928,1527.087816,87,116
23-01-2022,692,2022,0,,ORL,CHI,1285.938608,1525.170558,114,95
23-01-2022,693,2022,0,,TOR,POR,1535.545688,1447.596,105,114
23-01-2022,694,2022,0,,MIA,LAL,1600.589642,1465.259339,113,107
23-01-2022,695,2022,0,,CHO,ATL,1548.065027,1474.754853,91,113
23-01-2022,696,2022,0,,SAS,PHI,1458.234956,1588.889738,109,115
23-01-2022,697,2022,0,,DAL,MEM,1594.310675,1599.382816,104,91
23-01-2022,698,2022,0,,DEN,DET,1531.719683,1345.773809,117,111
23-01-2022,699,2022,0,,MIN,BRK,1531.181486,1562.110266,136,125
23-01-2022,700,2022,0,,GSW,UTA,1633.665229,1607.692329,94,92
24-01-2022,701,2022,0,,CLE,NYK,1601.675601,1485.137648,95,93
24-01-2022,702,2022,0,,NOP,IND,1474.161646,1466.800898,117,113
24-01-2022,703,2022,0,,OKC,CHI,1338.505603,1500.610681,110,111
24-01-2022,704,2022,0,,PHO,UTA,1704.818276,1604.82811,115,109
25-01-2022,705,2022,0,,WAS,LAC,1441.689858,1471.139714,115,116
25-01-2022,706,2022,0,,TOR,CHO,1518.433057,1518.360816,125,113
25-01-2022,707,2022,0,,PHI,NOP,1595.773153,1478.241251,117,107
25-01-2022,708,2022,0,,DET,DEN,1343.739298,1533.754193,105,110
25-01-2022,709,2022,0,,BRK,LAL,1553.723054,1462.589825,96,106
25-01-2022,710,2022,0,,BOS,SAC,1551.577238,1354.28108,128,75
25-01-2022,711,2022,0,,HOU,SAS,1336.908307,1451.351541,104,134
25-01-2022,712,2022,0,,POR,MIN,1464.708631,1539.568698,107,109
25-01-2022,713,2022,0,,GSW,DAL,1636.529448,1602.662344,130,92
26-01-2022,714,2022,0,,ORL,LAC,1310.498485,1476.281478,102,111
26-01-2022,715,2022,0,,CLE,MIL,1603.514955,1585.577401,115,99
26-01-2022,716,2022,0,,IND,CHO,1462.721293,1510.607219,126,158
26-01-2022,717,2022,0,,MIA,NYK,1603.259156,1483.298294,110,96
26-01-2022,718,2022,0,,ATL,SAC,1504.459064,1346.030088,121,104
26-01-2022,719,2022,0,,CHI,TOR,1503.780212,1526.186654,111,105
26-01-2022,720,2022,0,,BRK,DEN,1535.339426,1538.655104,118,124
26-01-2022,721,2022,0,,SAS,MEM,1472.068756,1591.031146,110,118
26-01-2022,722,2022,0,,UTA,PHO,1601.624827,1708.021559,97,105
26-01-2022,723,2022,0,,POR,DAL,1459.421412,1587.796894,112,132
27-01-2022,724,2022,0,,PHI,LAL,1599.703389,1480.973453,105,87
27-01-2022,725,2022,0,,GSW,MIN,1651.394898,1544.855916,124,115
28-01-2022,726,2022,0,,ORL,DET,1302.981525,1338.838387,119,103
28-01-2022,727,2022,0,,CHO,LAL,1538.083817,1475.240821,117,114
28-01-2022,728,2022,0,,ATL,BOS,1508.932573,1559.828229,108,92
28-01-2022,729,2022,0,,NOP,DEN,1474.311015,1549.309941,105,116
28-01-2022,730,2022,0,,MEM,UTA,1599.48714,1592.758034,119,109
28-01-2022,731,2022,0,,MIA,LAC,1608.069489,1483.798438,121,114
28-01-2022,732,2022,0,,HOU,POR,1316.191092,1444.70993,110,125
28-01-2022,733,2022,0,,OKC,IND,1335.336072,1435.244696,110,113
28-01-2022,734,2022,0,,SAS,CHI,1463.612762,1509.461461,131,122
28-01-2022,735,2022,0,,PHO,MIN,1716.888352,1540.955645,134,124
28-01-2022,736,2022,0,,MIL,NYK,1576.931538,1478.48796,123,108
29-01-2022,737,2022,0,,DAL,IND,1602.508376,1440.837192,132,105
29-01-2022,738,2022,0,,NOP,BOS,1462.267774,1548.200258,97,107
29-01-2022,739,2022,0,,PHI,SAC,1605.436021,1341.556579,103,101
29-01-2022,740,2022,0,,MEM,WAS,1606.200221,1436.548094,115,95
29-01-2022,741,2022,0,,MIA,TOR,1611.146406,1520.505405,120,124
29-01-2022,742,2022,0,,GSW,BRK,1655.29517,1524.684589,110,106
30-01-2022,743,2022,0,,ATL,LAL,1520.560545,1472.456817,129,121
30-01-2022,744,2022,0,,CHO,LAC,1540.867821,1480.721521,90,115
30-01-2022,745,2022,0,,CHI,POR,1501.574261,1456.795013,130,116
30-01-2022,746,2022,0,,DET,CLE,1327.907122,1612.160819,115,105
30-01-2022,747,2022,0,,MIL,DEN,1582.552584,1561.353182,100,136
30-01-2022,748,2022,0,,ORL,DAL,1313.91279,1608.589245,110,108
30-01-2022,749,2022,0,,PHO,SAS,1719.772042,1471.499962,115,110
30-01-2022,750,2022,0,,MIN,UTA,1538.071955,1586.044952,126,106
31-01-2022,751,2022,0,,CLE,NOP,1594.078253,1451.347408,93,90
31-01-2022,752,2022,0,,IND,LAC,1434.756323,1512.184556,122,116
31-01-2022,753,2022,0,,PHI,MEM,1606.256489,1610.909619,122,119
31-01-2022,754,2022,0,,ATL,TOR,1525.413159,1531.695803,100,106
31-01-2022,755,2022,0,,BOS,MIA,1559.120623,1599.956008,122,92
31-01-2022,756,2022,0,,NYK,SAC,1472.866914,1340.736111,116,96
31-01-2022,757,2022,0,,HOU,GSW,1304.106009,1657.533126,108,122
31-01-2022,758,2022,0,,OKC,POR,1329.743576,1449.811645,98,81
01-02-2022,759,2022,0,,DET,NOP,1345.989688,1449.491184,101,111
01-02-2022,760,2022,0,,MIL,WAS,1545.597251,1431.838696,112,98
01-02-2022,761,2022,0,,TOR,MIA,1542.257017,1582.600269,110,106
01-02-2022,762,2022,0,,MIN,DEN,1551.460275,1598.308515,130,115
01-02-2022,763,2022,0,,CHI,ORL,1508.557629,1322.544625,126,115
01-02-2022,764,2022,0,,SAS,GSW,1470.193357,1661.567713,120,124
01-02-2022,765,2022,0,,PHO,BRK,1721.078648,1522.446633,121,111
02-02-2022,766,2022,0,,IND,ORL,1441.859128,1319.648558,118,119
02-02-2022,767,2022,0,,PHI,WAS,1610.060129,1426.872091,103,106
02-02-2022,768,2022,0,,BOS,CHO,1576.476363,1509.404786,113,107
02-02-2022,769,2022,0,,NYK,MEM,1478.617379,1607.10598,108,120
02-02-2022,770,2022,0,,HOU,CLE,1300.071423,1595.934477,115,104
02-02-2022,771,2022,0,,DAL,OKC,1599.95741,1345.48894,114,120
02-02-2022,772,2022,0,,SAC,BRK,1334.985645,1519.900358,112,101
02-02-2022,773,2022,0,,UTA,DEN,1572.656632,1587.354592,108,104
02-02-2022,774,2022,0,,LAL,POR,1467.604203,1434.066281,99,94
03-02-2022,775,2022,0,,SAS,MIA,1465.815014,1577.590383,95,112
03-02-2022,776,2022,0,,DET,MIN,1335.74545,1562.414198,117,128
03-02-2022,777,2022,0,,TOR,CHI,1547.266902,1511.453697,127,120
03-02-2022,778,2022,0,,ATL,PHO,1514.851945,1723.624922,124,115
03-02-2022,779,2022,0,,GSW,SAC,1665.946056,1349.630768,126,114
03-02-2022,780,2022,0,,LAC,LAL,1505.081751,1471.632196,111,110
04-02-2022,781,2022,0,,DET,BOS,1329.239058,1580.248807,93,102
04-02-2022,782,2022,0,,IND,CHI,1434.167851,1506.689292,115,122
04-02-2022,783,2022,0,,CHO,CLE,1505.632342,1576.208172,101,102
04-02-2022,784,2022,0,,TOR,ATL,1552.031307,1528.74645,125,114
04-02-2022,785,2022,0,,SAS,HOU,1451.79585,1319.797727,131,106
04-02-2022,786,2022,0,,DEN,NOP,1582.859278,1459.735422,105,113
04-02-2022,787,2022,0,,UTA,BRK,1577.151945,1505.255235,125,102
04-02-2022,788,2022,0,,POR,OKC,1430.038288,1364.593041,93,96
04-02-2022,789,2022,0,,DAL,PHI,1580.853309,1597.971874,107,98
05-02-2022,790,2022,0,,ORL,MEM,1327.339834,1617.552119,115,135
05-02-2022,791,2022,0,,CHO,MIA,1501.14327,1591.609546,86,104
05-02-2022,792,2022,0,,WAS,PHO,1438.960346,1709.730418,80,95
05-02-2022,793,2022,0,,LAL,NYK,1469.31777,1468.17124,122,115
05-02-2022,794,2022,0,,POR,MIL,1420.73919,1550.563856,108,137
05-02-2022,795,2022,0,,SAC,OKC,1348.174077,1373.892139,113,103
06-02-2022,796,2022,0,,DEN,BRK,1565.5473,1496.645879,124,104
06-02-2022,797,2022,0,,CHI,PHI,1515.970053,1590.980562,108,119
06-02-2022,798,2022,0,,MIN,DET,1568.92059,1324.108099,118,105
06-02-2022,799,2022,0,,CLE,IND,1580.697244,1424.887091,98,85
06-02-2022,800,2022,0,,DAL,ATL,1587.844621,1522.138024,103,94
06-02-2022,801,2022,0,,ORL,BOS,1320.211848,1585.379766,83,116
06-02-2022,802,2022,0,,HOU,NOP,1313.062555,1477.0474,107,120
06-02-2022,803,2022,0,,LAC,MIL,1507.396178,1569.615798,113,137
07-02-2022,804,2022,0,,CHO,TOR,1485.374679,1558.639733,101,116
07-02-2022,805,2022,0,,WAS,MIA,1432.509663,1607.378137,100,121
07-02-2022,806,2022,0,,CHI,PHO,1503.927298,1716.181101,124,127
07-02-2022,807,2022,0,,OKC,GSW,1366.15965,1667.402747,98,110
07-02-2022,808,2022,0,,UTA,NYK,1585.761301,1462.592148,113,104
08-02-2022,809,2022,0,,PHI,PHO,1603.023316,1719.708954,109,114
08-02-2022,810,2022,0,,BRK,BOS,1488.725679,1596.922067,91,126
08-02-2022,811,2022,0,,ATL,IND,1517.357688,1421.092123,133,112
08-02-2022,812,2022,0,,MEM,LAC,1624.680105,1486.113743,135,109
08-02-2022,813,2022,0,,NOP,HOU,1486.580843,1303.529112,110,97
08-02-2022,814,2022,0,,DAL,DET,1592.624956,1321.787913,116,86
08-02-2022,815,2022,0,,DEN,NYK,1573.467501,1459.01164,132,115
08-02-2022,816,2022,0,,POR,ORL,1401.687248,1308.669546,95,113
08-02-2022,817,2022,0,,LAL,MIL,1474.896862,1590.898233,116,131
08-02-2022,818,2022,0,,SAC,MIN,1355.906566,1571.240776,114,134
09-02-2022,819,2022,0,,CLE,SAS,1584.492212,1458.531022,105,92
09-02-2022,820,2022,0,,CHO,CHI,1470.560405,1500.399445,109,121
09-02-2022,821,2022,0,,OKC,TOR,1361.36985,1573.454007,98,117
09-02-2022,822,2022,0,,SAC,MIN,1345.713088,1581.434254,132,119
09-02-2022,823,2022,0,,UTA,GSW,1589.341809,1672.192547,111,85
09-02-2022,824,2022,0,,POR,LAL,1374.58551,1462.215368,107,105
10-02-2022,825,2022,0,,DET,MEM,1318.220875,1631.372296,107,132
10-02-2022,826,2022,0,,NOP,MIA,1489.856049,1619.974732,97,112
10-02-2022,827,2022,0,,WAS,BRK,1419.913068,1464.981297,113,112
10-02-2022,828,2022,0,,HOU,TOR,1300.253906,1583.436981,120,139
10-02-2022,829,2022,0,,DAL,LAC,1596.191995,1479.421552,112,105
10-02-2022,830,2022,0,,PHO,MIL,1726.320366,1603.579727,131,107
10-02-2022,831,2022,0,,GSW,NYK,1653.70097,1453.37568,114,116
11-02-2022,832,2022,0,,IND,CLE,1413.938215,1588.934398,113,120
11-02-2022,833,2022,0,,DET,CHO,1310.794424,1455.775976,119,141
11-02-2022,834,2022,0,,PHI,OKC,1596.411905,1351.386876,100,87
11-02-2022,835,2022,0,,ATL,SAS,1524.511596,1454.088836,121,136
11-02-2022,836,2022,0,,BOS,DEN,1620.666449,1579.103461,108,102
11-02-2022,837,2022,0,,CHI,MIN,1515.183875,1562.577097,134,122
11-02-2022,838,2022,0,,UTA,ORL,1607.833387,1335.771284,114,99
12-02-2022,839,2022,0,,POR,NYK,1379.199749,1464.178091,112,103
12-02-2022,840,2022,0,,NOP,SAS,1477.846178,1476.764728,114,124
12-02-2022,841,2022,0,,CHO,MEM,1470.501833,1638.798747,118,125
12-02-2022,842,2022,0,,WAS,SAC,1423.177733,1364.570245,110,123
12-02-2022,843,2022,0,,PHI,CLE,1598.729287,1595.183948,103,93
12-02-2022,844,2022,0,,TOR,DEN,1590.561377,1574.840694,109,110
12-02-2022,845,2022,0,,MIA,BRK,1631.984603,1461.716633,115,111
12-02-2022,846,2022,0,,CHI,OKC,1524.67222,1349.069493,106,101
12-02-2022,847,2022,0,,GSW,LAL,1642.898558,1457.601128,117,115
12-02-2022,848,2022,0,,DAL,LAC,1599.390663,1476.222885,97,99
12-02-2022,849,2022,0,,PHO,ORL,1733.185608,1333.590329,132,105
13-02-2022,850,2022,0,,BOS,ATL,1624.929216,1501.835704,105,95
13-02-2022,851,2022,0,,IND,MIN,1407.688665,1553.088752,120,129
14-02-2022,852,2022,0,,WAS,DET,1403.148737,1296.068567,103,94
14-02-2022,853,2022,0,,BRK,SAC,1459.904398,1384.599241,109,85
14-02-2022,854,2022,0,,NYK,OKC,1454.975441,1347.110446,123,127
14-02-2022,855,2022,0,,NOP,TOR,1463.360479,1584.676048,120,90
14-02-2022,856,2022,0,,CHI,SAS,1526.631266,1491.250427,120,109
14-02-2022,857,2022,0,,MIL,POR,1596.714485,1388.4024,107,122
14-02-2022,858,2022,0,,DEN,ORL,1580.726023,1332.045659,121,111
14-02-2022,859,2022,0,,UTA,HOU,1610.014342,1293.12951,135,101
14-02-2022,860,2022,0,,LAC,GSW,1485.436942,1644.174363,119,104
15-02-2022,861,2022,0,,MIA,DAL,1633.796839,1590.176605,99,107
15-02-2022,862,2022,0,,ATL,CLE,1498.016923,1588.374831,124,116
15-02-2022,863,2022,0,,PHI,BOS,1605.538404,1628.747997,87,135
15-02-2022,864,2022,0,,MIN,CHO,1561.261017,1464.073077,126,120
15-02-2022,865,2022,0,,NOP,MEM,1486.967826,1645.227503,109,121
15-02-2022,866,2022,0,,MIL,IND,1566.15245,1399.516401,128,119
15-02-2022,867,2022,0,,PHO,LAC,1734.730279,1501.930108,103,96
16-02-2022,868,2022,0,,ORL,ATL,1330.123379,1506.776758,109,130
16-02-2022,869,2022,0,,NYK,BRK,1443.324915,1468.630391,106,111
16-02-2022,870,2022,0,,IND,WAS,1396.671914,1407.038257,113,108
16-02-2022,871,2022,0,,BOS,DET,1668.926605,1292.179047,111,112
16-02-2022,872,2022,0,,CHI,SAC,1532.87994,1375.873247,125,118
16-02-2022,873,2022,0,,MEM,POR,1654.498487,1418.964435,119,123
16-02-2022,874,2022,0,,MIN,TOR,1564.51,1561.068701,91,103
16-02-2022,875,2022,0,,OKC,SAS,1358.760972,1485.001752,106,114
16-02-2022,876,2022,0,,PHO,HOU,1736.435581,1290.139985,124,121
16-02-2022,877,2022,0,,GSW,DEN,1627.681196,1582.648302,116,117
16-02-2022,878,2022,0,,LAL,UTA,1456.325324,1613.003867,106,101
17-02-2022,879,2022,0,,CHO,MIA,1460.824093,1619.524685,107,111
17-02-2022,880,2022,0,,BRK,WAS,1477.699779,1402.129207,103,117
17-02-2022,881,2022,0,,NOP,DAL,1477.696842,1604.448759,118,125
17-02-2022,882,2022,0,,MIL,PHI,1568.996937,1565.359796,120,123
17-02-2022,883,2022,0,,LAC,HOU,1500.224806,1289.818645,142,111
24-02-2022,884,2022,0,,DET,CLE,1304.457572,1579.614997,106,103
24-02-2022,885,2022,0,,BRK,BOS,1455.75895,1656.64808,106,129
24-02-2022,886,2022,0,,MIN,MEM,1548.154774,1639.397342,119,114
24-02-2022,887,2022,0,,OKC,PHO,1350.538701,1736.756922,104,124
24-02-2022,888,2022,0,,CHI,ATL,1535.468942,1519.278149,112,108
24-02-2022,889,2022,0,,POR,GSW,1434.065579,1621.303703,95,132
24-02-2022,890,2022,0,,SAC,DEN,1373.284245,1589.025795,110,128
25-02-2022,891,2022,0,,IND,OKC,1401.580965,1346.235413,125,129
25-02-2022,892,2022,0,,ORL,HOU,1317.621987,1284.67162,119,111
25-02-2022,893,2022,0,,WAS,SAS,1424.070036,1493.224023,153,157
25-02-2022,894,2022,0,,CHO,TOR,1455.794396,1577.423927,125,93
25-02-2022,895,2022,0,,NYK,MIA,1434.255527,1624.554382,100,115
25-02-2022,896,2022,0,,MIN,PHI,1554.967077,1573.222151,102,133
25-02-2022,897,2022,0,,PHO,NOP,1741.060209,1470.093296,102,117
25-02-2022,898,2022,0,,UTA,DAL,1604.440234,1612.052306,114,109
25-02-2022,899,2022,0,,LAL,LAC,1464.888957,1505.371831,102,105
26-02-2022,900,2022,0,,DET,BOS,1313.984921,1668.644115,104,113
26-02-2022,901,2022,0,,ATL,TOR,1515.357741,1552.651435,127,100
26-02-2022,902,2022,0,,CLE,WAS,1570.087648,1417.011466,92,86
26-02-2022,903,2022,0,,CHI,MEM,1539.38935,1632.585039,110,116
26-02-2022,904,2022,0,,MIA,SAS,1633.918908,1500.282594,133,129
26-02-2022,905,2022,0,,MIL,BRK,1561.134581,1443.762915,123,126
26-02-2022,906,2022,0,,DEN,SAC,1598.486283,1363.823758,115,110
27-02-2022,907,2022,0,,NYK,PHI,1424.891002,1602.718213,109,125
27-02-2022,908,2022,0,,PHO,UTA,1706.816901,1609.290671,114,118
27-02-2022,909,2022,0,,IND,BOS,1391.329299,1671.677506,128,107
27-02-2022,910,2022,0,,HOU,LAC,1279.460651,1512.237798,98,99
27-02-2022,911,2022,0,,CHO,DET,1480.566887,1310.95153,126,127
27-02-2022,912,2022,0,,GSW,DAL,1639.279632,1607.201868,101,107
27-02-2022,913,2022,0,,POR,DEN,1416.08965,1599.89785,92,124
27-02-2022,914,2022,0,,LAL,NOP,1458.02299,1504.336604,95,123
28-02-2022,915,2022,0,,CLE,MIN,1572.517875,1525.471016,122,127
28-02-2022,916,2022,0,,ORL,IND,1322.832956,1420.58117,119,103
28-02-2022,917,2022,0,,MIA,CHI,1636.121708,1531.462049,112,99
28-02-2022,918,2022,0,,BRK,TOR,1454.286632,1536.803964,97,133
28-02-2022,919,2022,0,,OKC,SAC,1356.487079,1362.412191,110,131
28-02-2022,920,2022,0,,MEM,SAS,1640.51234,1498.079794,118,105
28-02-2022,921,2022,0,,MIL,CHO,1550.610864,1472.06152,130,106
01-03-2022,922,2022,0,,WAS,DET,1414.581238,1319.456897,116,113
01-03-2022,923,2022,0,,TOR,BRK,1563.424154,1427.666443,109,108
01-03-2022,924,2022,0,,BOS,ATL,1642.425635,1531.205212,107,98
01-03-2022,925,2022,0,,MIN,GSW,1536.634089,1627.496102,129,114
01-03-2022,926,2022,0,,HOU,LAC,1277.138972,1514.559478,100,113
01-03-2022,927,2022,0,,LAL,DAL,1432.959778,1618.985398,104,109
02-03-2022,928,2022,0,,CLE,CHO,1561.354802,1463.473977,98,119
02-03-2022,929,2022,0,,ORL,IND,1336.77531,1406.638815,114,122
02-03-2022,930,2022,0,,PHI,NYK,1613.036793,1414.572422,123,108
02-03-2022,931,2022,0,,MIL,MIA,1559.198407,1641.078532,120,119
02-03-2022,932,2022,0,,NOP,SAC,1529.399816,1385.583582,125,95
02-03-2022,933,2022,0,,HOU,UTA,1270.251808,1620.664874,127,132
02-03-2022,934,2022,0,,DEN,OKC,1616.293744,1333.315689,107,119
02-03-2022,935,2022,0,,PHO,POR,1695.442698,1399.693756,120,90
03-03-2022,936,2022,0,,ATL,CHI,1527.39717,1526.505225,130,124
03-03-2022,937,2022,0,,TOR,DET,1564.816386,1317.083378,106,108
03-03-2022,938,2022,0,,BRK,MIA,1426.274211,1637.301973,107,113
03-03-2022,939,2022,0,,BOS,MEM,1646.233677,1644.586987,120,107
03-03-2022,940,2022,0,,DAL,GSW,1623.971891,1614.481804,122,113
03-03-2022,941,2022,0,,SAS,SAC,1494.005147,1378.365398,112,115
03-03-2022,942,2022,0,,LAC,LAL,1521.446642,1427.973285,132,111
04-03-2022,943,2022,0,,DET,IND,1328.878002,1416.747405,111,106
04-03-2022,944,2022,0,,WAS,ATL,1416.954757,1532.531073,114,117
04-03-2022,945,2022,0,,PHI,CLE,1616.343311,1530.849663,125,119
04-03-2022,946,2022,0,,CHI,MIL,1521.371322,1562.974966,112,118
04-03-2022,947,2022,0,,TOR,ORL,1553.021762,1326.666721,97,103
04-03-2022,948,2022,0,,OKC,MIN,1363.534917,1549.648387,101,138
04-03-2022,949,2022,0,,NOP,UTA,1536.618,1622.908172,124,90
04-03-2022,950,2022,0,,DEN,HOU,1586.074515,1268.00851,116,101
04-03-2022,951,2022,0,,PHO,NYK,1698.530037,1411.265903,115,114
05-03-2022,952,2022,0,,DAL,SAC,1630.191135,1388.848127,114,113
05-03-2022,953,2022,0,,CHO,SAS,1493.979115,1483.522418,123,117
05-03-2022,954,2022,0,,MEM,ORL,1636.479315,1344.822512,124,96
05-03-2022,955,2022,0,,MIA,PHI,1642.208603,1619.788499,99,82
05-03-2022,956,2022,0,,MIN,POR,1567.712066,1396.606417,135,121
05-03-2022,957,2022,0,,LAL,GSW,1420.718107,1608.262561,124,116
06-03-2022,958,2022,0,,BOS,BRK,1654.341349,1421.367581,126,120
06-03-2022,959,2022,0,,MIL,PHO,1572.43735,1699.129638,132,122
06-03-2022,960,2022,0,,WAS,IND,1411.680337,1410.020914,133,123
06-03-2022,961,2022,0,,OKC,UTA,1345.471239,1600.142134,103,116
06-03-2022,962,2022,0,,HOU,MEM,1266.340329,1639.486866,123,112
06-03-2022,963,2022,0,,CLE,TOR,1527.404475,1534.865971,104,96
06-03-2022,964,2022,0,,DEN,NOP,1587.742696,1559.384038,138,130
06-03-2022,965,2022,0,,LAC,NYK,1528.70182,1410.666303,93,116
07-03-2022,966,2022,0,,PHI,CHI,1610.962962,1511.908938,121,106
07-03-2022,967,2022,0,,DET,ATL,1335.604493,1537.805493,113,110
07-03-2022,968,2022,0,,MIA,HOU,1651.03414,1289.677315,123,106
07-03-2022,969,2022,0,,MIN,POR,1571.380883,1392.937599,124,81
07-03-2022,970,2022,0,,SAS,LAL,1478.603161,1432.890439,117,110
07-03-2022,971,2022,0,,DAL,UTA,1630.971751,1606.488821,111,103
07-03-2022,972,2022,0,,DEN,GSW,1593.065795,1596.090229,131,124
07-03-2022,973,2022,0,,SAC,NYK,1388.067511,1444.72867,115,131
08-03-2022,974,2022,0,,IND,CLE,1403.154495,1533.658177,124,127
08-03-2022,975,2022,0,,ORL,PHO,1341.814961,1687.71262,99,102
08-03-2022,976,2022,0,,CHO,BRK,1498.898371,1419.801662,121,132
08-03-2022,977,2022,0,,MEM,NOP,1616.14988,1554.060939,132,111
08-03-2022,978,2022,0,,OKC,MIL,1339.124553,1583.854367,115,142
08-03-2022,979,2022,0,,GSW,LAC,1590.407362,1494.639453,112,97
09-03-2022,980,2022,0,,CHO,BOS,1479.950567,1655.907268,101,115
09-03-2022,981,2022,0,,DET,CHI,1343.433929,1506.305215,108,114
09-03-2022,982,2022,0,,MIA,PHO,1652.438529,1689.537991,90,111
09-03-2022,983,2022,0,,HOU,LAL,1288.272926,1428.342788,139,130
09-03-2022,984,2022,0,,MIN,OKC,1579.198384,1328.121725,132,102
09-03-2022,985,2022,0,,NOP,ORL,1545.590546,1339.989591,102,108
09-03-2022,986,2022,0,,MIL,ATL,1594.857195,1529.976056,124,115
09-03-2022,987,2022,0,,DAL,NYK,1636.390774,1461.099466,77,107
09-03-2022,988,2022,0,,SAS,TOR,1483.150812,1528.612269,104,119
09-03-2022,989,2022,0,,UTA,POR,1601.069798,1385.120098,123,85
09-03-2022,990,2022,0,,SAC,DEN,1371.696716,1598.748662,100,106
09-03-2022,991,2022,0,,LAC,WAS,1488.941986,1418.546756,115,109
10-03-2022,992,2022,0,,PHI,BRK,1616.566686,1438.749467,100,129
10-03-2022,993,2022,0,,DEN,GSW,1603.309707,1596.104828,102,113
11-03-2022,994,2022,0,,ORL,MIN,1357.452666,1583.193571,118,110
11-03-2022,995,2022,0,,BOS,DET,1665.422859,1337.389444,114,103
11-03-2022,996,2022,0,,ATL,LAC,1525.176507,1492.65373,112,106
11-03-2022,997,2022,0,,MIA,CLE,1631.396986,1538.637699,117,105
11-03-2022,998,2022,0,,NOP,CHO,1528.127472,1470.434977,120,142
11-03-2022,999,2022,0,,MEM,NYK,1624.620273,1507.639315,118,114
11-03-2022,1000,2022,0,,HOU,DAL,1299.483784,1589.850924,100,113
11-03-2022,1001,2022,0,,SAS,UTA,1466.881266,1606.866253,104,102
11-03-2022,1002,2022,0,,PHO,TOR,1710.579533,1544.881816,112,117
11-03-2022,1003,2022,0,,LAL,WAS,1417.131929,1414.835012,122,109
12-03-2022,1004,2022,0,,CHI,CLE,1512.3497,1533.638387,101,91
12-03-2022,1005,2022,0,,MIA,MIN,1636.396298,1569.596958,104,113
12-03-2022,1006,2022,0,,SAS,IND,1472.444732,1398.174973,108,119
12-03-2022,1007,2022,0,,GSW,MIL,1611.751947,1599.656744,122,109
12-03-2022,1008,2022,0,,UTA,SAC,1601.302786,1367.13567,134,125
12-03-2022,1009,2022,0,,DEN,TOR,1587.662588,1559.57301,115,127
12-03-2022,1010,2022,0,,POR,WAS,1379.323643,1406.750709,127,118
13-03-2022,1011,2022,0,,BRK,NYK,1484.387675,1505.237297,110,107
13-03-2022,1012,2022,0,,DET,LAC,1336.10289,1488.206784,102,106
13-03-2022,1013,2022,0,,BOS,DAL,1666.709413,1595.178674,92,95
13-03-2022,1014,2022,0,,ORL,PHI,1371.049278,1570.928477,114,116
13-03-2022,1015,2022,0,,OKC,MEM,1324.126538,1627.022291,118,125
13-03-2022,1016,2022,0,,ATL,IND,1529.623454,1416.89906,131,128
13-03-2022,1017,2022,0,,NOP,HOU,1499.571633,1294.156035,130,105
13-03-2022,1018,2022,0,,PHO,LAL,1695.888338,1425.216232,140,111
14-03-2022,1019,2022,0,,CLE,LAC,1526.050293,1493.374352,120,111
14-03-2022,1020,2022,0,,ATL,POR,1531.793794,1386.629171,122,113
14-03-2022,1021,2022,0,,PHI,DEN,1574.15086,1570.12352,110,114
14-03-2022,1022,2022,0,,OKC,CHO,1320.692523,1498.990815,116,134
14-03-2022,1023,2022,0,,SAS,MIN,1453.720645,1585.842988,139,149
14-03-2022,1024,2022,0,,UTA,MIL,1603.260689,1591.919325,111,117
14-03-2022,1025,2022,0,,GSW,WAS,1619.489367,1399.445182,126,112
14-03-2022,1026,2022,0,,SAC,CHI,1365.177767,1519.937794,112,103
14-03-2022,1027,2022,0,,LAL,TOR,1421.732622,1577.112078,103,114
15-03-2022,1028,2022,0,,ORL,BRK,1367.826895,1488.4679,108,150
15-03-2022,1029,2022,0,,IND,MEM,1414.728719,1630.456306,102,135
15-03-2022,1030,2022,0,,MIA,DET,1620.150269,1330.935322,105,98
15-03-2022,1031,2022,0,,NOP,PHO,1504.102227,1699.371948,115,131
16-03-2022,1032,2022,0,,CHO,ATL,1510.147097,1534.984318,116,106
16-03-2022,1033,2022,0,,CLE,PHI,1531.64405,1565.246471,114,118
16-03-2022,1034,2022,0,,WAS,DEN,1396.644017,1579.027909,109,127
16-03-2022,1035,2022,0,,NYK,POR,1501.157072,1383.438648,128,98
16-03-2022,1036,2022,0,,BRK,DAL,1514.399462,1604.620737,111,113
16-03-2022,1037,2022,0,,HOU,PHO,1289.625441,1708.940107,112,129
16-03-2022,1038,2022,0,,MIN,LAL,1595.027741,1412.855008,124,104
16-03-2022,1039,2022,0,,SAS,OKC,1444.535891,1309.536241,122,120
16-03-2022,1040,2022,0,,UTA,CHI,1592.140894,1508.166706,125,110
16-03-2022,1041,2022,0,,SAC,MIL,1376.948855,1603.039119,126,135
16-03-2022,1042,2022,0,,GSW,BOS,1622.290531,1657.26735,88,110
16-03-2022,1043,2022,0,,LAC,TOR,1487.780595,1585.989693,100,103
17-03-2022,1044,2022,0,,ORL,DET,1341.895334,1329.701389,120,134
18-03-2022,1045,2022,0,,PHI,DAL,1573.186745,1609.62773,111,101
18-03-2022,1046,2022,0,,NYK,WAS,1509.429962,1385.681296,100,97
18-03-2022,1047,2022,0,,BRK,POR,1509.392469,1375.165757,128,123
18-03-2022,1048,2022,0,,ATL,MEM,1527.280672,1645.017854,120,105
18-03-2022,1049,2022,0,,CLE,DEN,1523.703777,1589.990631,119,116
18-03-2022,1050,2022,0,,TOR,LAL,1591.61719,1408.455435,123,128
18-03-2022,1051,2022,0,,HOU,IND,1286.422277,1400.167171,118,121
18-03-2022,1052,2022,0,,MIA,OKC,1621.384202,1307.865275,120,108
18-03-2022,1053,2022,0,,SAS,NOP,1446.206858,1494.534068,91,124
18-03-2022,1054,2022,0,,UTA,LAC,1598.18484,1482.153098,121,92
18-03-2022,1055,2022,0,,SAC,BOS,1371.181981,1679.155453,97,126
18-03-2022,1056,2022,0,,PHO,CHI,1712.143271,1502.12276,129,102
19-03-2022,1057,2022,0,,MIN,MIL,1599.427314,1608.805993,138,119
19-03-2022,1058,2022,0,,CHO,DAL,1517.850742,1601.53904,129,108
19-03-2022,1059,2022,0,,CLE,DET,1528.620989,1348.24189,113,109
19-03-2022,1060,2022,0,,WAS,LAL,1383.631008,1423.671138,127,119
20-03-2022,1061,2022,0,,HOU,MEM,1281.111116,1630.663979,98,122
20-03-2022,1062,2022,0,,IND,POR,1405.478332,1372.722188,129,98
20-03-2022,1063,2022,0,,SAC,PHO,1362.696223,1716.809899,124,127
20-03-2022,1064,2022,0,,ORL,OKC,1323.354833,1306.384462,90,85
20-03-2022,1065,2022,0,,ATL,NOP,1541.634548,1522.596205,112,117
20-03-2022,1066,2022,0,,NYK,UTA,1511.480249,1606.327044,93,108
20-03-2022,1067,2022,0,,DEN,BOS,1585.073419,1687.641211,104,124
20-03-2022,1068,2022,0,,GSW,SAS,1600.402429,1418.144722,108,110
20-03-2022,1069,2022,0,,PHI,TOR,1581.275434,1576.401487,88,93
21-03-2022,1070,2022,0,,CHO,NOP,1533.795173,1532.939618,106,103
21-03-2022,1071,2022,0,,DET,POR,1346.526518,1359.858078,115,119
21-03-2022,1072,2022,0,,CLE,LAL,1530.33636,1416.487911,120,131
21-03-2022,1073,2022,0,,BRK,UTA,1511.836037,1620.046743,114,106
21-03-2022,1074,2022,0,,PHI,MIA,1571.342718,1622.865014,113,106
21-03-2022,1075,2022,0,,OKC,BOS,1302.037484,1703.867088,123,132
21-03-2022,1076,2022,0,,CHI,TOR,1497.456132,1586.334202,113,99
21-03-2022,1077,2022,0,,HOU,WAS,1275.147723,1390.814235,115,97
21-03-2022,1078,2022,0,,DAL,MIN,1585.594609,1610.407146,110,108
22-03-2022,1079,2022,0,,ORL,GSW,1327.701811,1589.973996,94,90
22-03-2022,1080,2022,0,,NYK,ATL,1497.76055,1531.291135,111,117
22-03-2022,1081,2022,0,,MIL,CHI,1597.82616,1509.796438,126,98
22-03-2022,1082,2022,0,,DEN,LAC,1568.847542,1474.010894,127,115
23-03-2022,1083,2022,0,,IND,SAC,1418.342442,1360.948915,109,110
23-03-2022,1084,2022,0,,CHO,NYK,1537.507487,1488.049858,106,121
23-03-2022,1085,2022,0,,DET,ATL,1338.070132,1541.001828,122,101
23-03-2022,1086,2022,0,,BOS,UTA,1706.213538,1610.691456,125,97
23-03-2022,1087,2022,0,,MIA,GSW,1615.889066,1579.53866,104,118
23-03-2022,1088,2022,0,,MEM,BRK,1636.627371,1521.191324,132,120
23-03-2022,1089,2022,0,,OKC,ORL,1299.691034,1338.137147,118,102
23-03-2022,1090,2022,0,,MIN,PHO,1606.820636,1718.557207,116,125
23-03-2022,1091,2022,0,,DAL,HOU,1589.181119,1291.266551,110,91
23-03-2022,1092,2022,0,,LAL,PHI,1437.051376,1578.318666,121,126
23-03-2022,1093,2022,0,,POR,SAS,1368.314464,1428.573155,96,133
24-03-2022,1094,2022,0,,TOR,CLE,1573.993897,1509.772896,117,104
24-03-2022,1095,2022,0,,MIL,WAS,1606.976026,1374.695408,114,102
24-03-2022,1096,2022,0,,NOP,CHI,1529.227304,1500.646572,126,109
24-03-2022,1097,2022,0,,MEM,IND,1641.082159,1411.755906,133,103
24-03-2022,1098,2022,0,,DEN,PHO,1573.794906,1727.874861,130,140
25-03-2022,1099,2022,0,,CHO,UTA,1516.015308,1601.87912,107,101
25-03-2022,1100,2022,0,,DET,WAS,1361.855308,1372.329766,97,100
25-03-2022,1101,2022,0,,ATL,GSW,1517.216652,1599.366623,121,110
25-03-2022,1102,2022,0,,MIN,DAL,1597.502982,1591.385195,116,95
25-03-2022,1103,2022,0,,MIA,NYK,1596.061104,1509.542037,103,111
25-03-2022,1104,2022,0,,POR,HOU,1338.974457,1289.062475,106,125
25-03-2022,1105,2022,0,,LAC,PHI,1469.06353,1584.325756,97,122
26-03-2022,1106,2022,0,,NOP,SAS,1537.806145,1457.913162,103,107
26-03-2022,1107,2022,0,,ORL,SAC,1327.087645,1367.535451,110,114
26-03-2022,1108,2022,0,,TOR,IND,1580.054882,1407.236023,131,91
26-03-2022,1109,2022,0,,MIA,BRK,1580.153925,1516.736537,95,110
26-03-2022,1110,2022,0,,CLE,CHI,1503.71191,1492.067732,94,98
26-03-2022,1111,2022,0,,MEM,MIL,1645.602041,1609.341667,127,102
26-03-2022,1112,2022,0,,DEN,OKC,1565.383681,1310.740536,113,107
26-03-2022,1113,2022,0,,POR,HOU,1313.709575,1314.327357,98,115
27-03-2022,1114,2022,0,,DET,NYK,1354.315156,1525.449216,102,104
27-03-2022,1115,2022,0,,PHO,PHI,1736.286086,1602.434902,114,104
27-03-2022,1116,2022,0,,BOS,MIN,1715.025875,1608.496156,134,112
27-03-2022,1117,2022,0,,WAS,GSW,1379.869917,1589.067557,123,115
27-03-2022,1118,2022,0,,NOP,LAL,1526.902281,1431.044285,116,108
27-03-2022,1119,2022,0,,DAL,UTA,1580.392021,1594.543796,114,100
27-03-2022,1120,2022,0,,BRK,CHO,1539.01623,1523.350631,110,119
28-03-2022,1121,2022,0,,CLE,ORL,1494.609472,1319.319661,107,101
28-03-2022,1122,2022,0,,CHO,DEN,1537.521612,1566.768112,109,113
28-03-2022,1123,2022,0,,IND,ATL,1399.599245,1527.515718,123,132
28-03-2022,1124,2022,0,,NYK,CHI,1529.097769,1501.170171,109,104
28-03-2022,1125,2022,0,,MIA,SAC,1557.874232,1375.303435,123,100
28-03-2022,1126,2022,0,,TOR,BOS,1587.691661,1722.042405,115,112
28-03-2022,1127,2022,0,,HOU,SAS,1334.671491,1468.817026,120,123
28-03-2022,1128,2022,0,,MEM,GSW,1656.437011,1576.09148,123,95
28-03-2022,1129,2022,0,,POR,OKC,1293.365441,1309.356105,131,134
29-03-2022,1130,2022,0,,WAS,CHI,1392.845994,1497.036012,94,107
29-03-2022,1131,2022,0,,PHI,MIL,1598.824444,1598.506698,116,118
29-03-2022,1132,2022,0,,BRK,DET,1524.845249,1350.666603,130,123
29-03-2022,1133,2022,0,,DAL,LAL,1589.512455,1427.203847,128,110
29-03-2022,1134,2022,0,,LAC,UTA,1450.954385,1585.423362,121,115
30-03-2022,1135,2022,0,,IND,DEN,1390.84144,1574.818571,118,125
30-03-2022,1136,2022,0,,WAS,ORL,1380.781412,1317.163381,127,110
30-03-2022,1137,2022,0,,CLE,DAL,1496.765752,1594.068167,112,120
30-03-2022,1138,2022,0,,NYK,CHO,1533.231928,1529.471153,114,125
30-03-2022,1139,2022,0,,TOR,MIN,1594.006768,1601.479626,125,102
30-03-2022,1140,2022,0,,BOS,MIA,1715.727298,1562.716654,98,106
30-03-2022,1141,2022,0,,HOU,SAC,1329.762643,1370.461013,118,121
30-03-2022,1142,2022,0,,OKC,ATL,1316.771125,1536.273523,118,136
30-03-2022,1143,2022,0,,SAS,MEM,1473.725874,1665.943275,111,112
30-03-2022,1144,2022,0,,GSW,PHO,1566.585216,1739.896544,103,107
30-03-2022,1145,2022,0,,POR,NOP,1285.950421,1530.742719,107,117
31-03-2022,1146,2022,0,,DET,PHI,1348.306496,1592.094883,102,94
31-03-2022,1147,2022,0,,BRK,MIL,1527.205356,1605.236259,119,120
31-03-2022,1148,2022,0,,ATL,CLE,1545.573563,1487.596159,131,107
31-03-2022,1149,2022,0,,CHI,LAC,1509.100594,1459.692729,135,130
31-03-2022,1150,2022,0,,UTA,LAL,1576.685017,1422.648136,122,109
01-04-2022,1151,2022,0,,ORL,TOR,1309.896608,1606.452581,89,102
01-04-2022,1152,2022,0,,WAS,DAL,1388.048184,1603.237759,135,103
01-04-2022,1153,2022,0,,BOS,IND,1697.263668,1384.827425,128,123
01-04-2022,1154,2022,0,,MIL,LAC,1609.610283,1455.95472,119,153
01-04-2022,1155,2022,0,,OKC,DET,1307.471085,1362.585024,101,110
01-04-2022,1156,2022,0,,MEM,PHO,1668.731197,1744.628369,122,114
01-04-2022,1157,2022,0,,HOU,SAC,1322.901454,1377.322202,117,122
01-04-2022,1158,2022,0,,SAS,POR,1470.937952,1280.316202,130,111
01-04-2022,1159,2022,0,,DEN,MIN,1580.832586,1589.033813,130,136
01-04-2022,1160,2022,0,,LAL,NOP,1418.817044,1536.376937,111,114
02-04-2022,1161,2022,0,,PHI,CHO,1577.816355,1544.962553,144,114
02-04-2022,1162,2022,0,,NYK,CLE,1517.740528,1478.102268,101,119
02-04-2022,1163,2022,0,,ATL,BRK,1555.067454,1522.831331,122,115
02-04-2022,1164,2022,0,,CHI,MIA,1512.838602,1581.180284,109,127
02-04-2022,1165,2022,0,,GSW,UTA,1561.853391,1580.516109,111,107
03-04-2022,1166,2022,0,,BOS,WAS,1698.164946,1421.369553,144,102
03-04-2022,1167,2022,0,,MIL,DAL,1560.81817,1569.91639,112,118
03-04-2022,1168,2022,0,,LAL,DEN,1413.582282,1570.331818,118,129
03-04-2022,1169,2022,0,,IND,DET,1383.926147,1373.97857,117,121
03-04-2022,1170,2022,0,,CLE,PHI,1501.790721,1590.371175,108,112
03-04-2022,1171,2022,0,,ORL,NYK,1304.732037,1494.052075,88,118
03-04-2022,1172,2022,0,,TOR,MIA,1611.617152,1598.226482,109,114
03-04-2022,1173,2022,0,,HOU,MIN,1314.645066,1599.534581,132,139
03-04-2022,1174,2022,0,,SAS,POR,1474.991755,1276.262399,113,92
03-04-2022,1175,2022,0,,OKC,PHO,1296.077539,1736.337775,117,96
03-04-2022,1176,2022,0,,SAC,GSW,1385.57859,1566.4261,90,109
03-04-2022,1177,2022,0,,LAC,NOP,1504.746834,1541.611699,119,100
05-04-2022,1178,2022,0,,ORL,CLE,1289.458869,1495.198332,120,115
05-04-2022,1179,2022,0,,IND,PHI,1374.867893,1596.963565,122,131
05-04-2022,1180,2022,0,,MIA,CHO,1608.405784,1532.407733,144,115
05-04-2022,1181,2022,0,,BRK,HOU,1517.986858,1310.885608,118,105
05-04-2022,1182,2022,0,,TOR,ATL,1601.437851,1559.911927,118,108
05-04-2022,1183,2022,0,,OKC,POR,1336.893386,1272.1063,98,94
05-04-2022,1184,2022,0,,MIN,WAS,1603.294039,1416.952539,114,132
05-04-2022,1185,2022,0,,CHI,MIL,1495.792404,1550.345635,106,127
05-04-2022,1186,2022,0,,DEN,SAS,1579.159652,1479.147854,97,116
05-04-2022,1187,2022,0,,UTA,MEM,1575.9434,1677.021791,121,115
05-04-2022,1188,2022,0,,SAC,NOP,1374.124894,1529.268516,109,123
05-04-2022,1189,2022,0,,PHO,LAL,1695.521928,1404.754449,121,110
06-04-2022,1190,2022,0,,DET,DAL,1383.036824,1580.388925,113,131
06-04-2022,1191,2022,0,,NYK,BRK,1509.325243,1520.855374,98,110
06-04-2022,1192,2022,0,,CHI,BOS,1475.917946,1702.58196,94,117
06-04-2022,1193,2022,0,,ATL,WAS,1554.190188,1450.089948,118,103
06-04-2022,1194,2022,0,,UTA,OKC,1583.706827,1340.013225,137,101
06-04-2022,1195,2022,0,,LAC,PHO,1517.090018,1697.122492,113,109
07-04-2022,1196,2022,0,,CHO,ORL,1522.445363,1299.416592,128,101
07-04-2022,1197,2022,0,,TOR,PHI,1607.15959,1602.837206,119,114
07-04-2022,1198,2022,0,,MIL,BOS,1570.220094,1713.258387,127,121
07-04-2022,1199,2022,0,,MIN,SAS,1570.15663,1507.744066,127,121
07-04-2022,1200,2022,0,,NOP,POR,1539.647928,1268.986461,127,94
07-04-2022,1201,2022,0,,DEN,MEM,1550.56344,1669.258364,122,109
07-04-2022,1202,2022,0,,GSW,LAL,1577.879796,1403.153885,128,112
08-04-2022,1203,2022,0,,DET,MIL,1372.765591,1579.215557,101,131
08-04-2022,1204,2022,0,,WAS,NYK,1444.627824,1493.681222,92,114
08-04-2022,1205,2022,0,,TOR,HOU,1611.761153,1308.017093,117,115
08-04-2022,1206,2022,0,,BRK,CLE,1536.499395,1485.240609,118,107
08-04-2022,1207,2022,0,,CHI,CHO,1465.241519,1526.784499,117,133
08-04-2022,1208,2022,0,,MIA,ATL,1618.368153,1559.652311,113,109
08-04-2022,1209,2022,0,,DAL,POR,1590.660158,1265.158406,128,78
08-04-2022,1210,2022,0,,UTA,PHO,1588.4694,1688.835972,105,111
08-04-2022,1211,2022,0,,LAL,OKC,1399.221607,1335.250652,120,101
09-04-2022,1212,2022,0,,PHI,IND,1598.235644,1368.994252,133,120
09-04-2022,1213,2022,0,,MEM,NOP,1656.150881,1543.475983,141,114
09-04-2022,1214,2022,0,,SAS,GSW,1503.885302,1581.812074,94,100
09-04-2022,1215,2022,0,,LAC,SAC,1525.376538,1363.745482,117,98
10-04-2022,1216,2022,0,,CLE,MIL,1479.443118,1593.377423,133,115
10-04-2022,1217,2022,0,,CHO,WAS,1542.888324,1423.715949,124,108
10-04-2022,1218,2022,0,,BRK,IND,1542.296885,1366.460175,134,126
10-04-2022,1219,2022,0,,HOU,ATL,1307.36595,1556.439486,114,130
10-04-2022,1220,2022,0,,MEM,BOS,1664.017973,1704.262923,110,139
10-04-2022,1221,2022,0,,PHI,DET,1600.76972,1358.603725,118,106
10-04-2022,1222,2022,0,,NYK,TOR,1514.593098,1612.412296,105,94
10-04-2022,1223,2022,0,,ORL,MIA,1295.077456,1621.580979,125,111
10-04-2022,1224,2022,0,,MIN,CHI,1574.015394,1449.137694,120,124
10-04-2022,1225,2022,0,,LAC,OKC,1530.122239,1327.421543,138,88
10-04-2022,1226,2022,0,,DAL,SAS,1594.448348,1495.514137,130,120
10-04-2022,1227,2022,0,,NOP,GSW,1535.60889,1590.18324,107,128
10-04-2022,1228,2022,0,,PHO,SAC,1696.558277,1358.99978,109,116
10-04-2022,1229,2022,0,,POR,UTA,1261.370216,1580.747095,80,111
10-04-2022,1230,2022,0,,DEN,LAL,1563.670923,1407.050716,141,146
12-04-2022,1231,2022,0,p,BRK,CLE,1544.821148,1495.462706,115,108
12-04-2022,1232,2022,0,p,MIN,LAC,1561.909407,1537.785097,109,104
13-04-2022,1233,2022,0,p,ATL,CHO,1563.918805,1548.167777,132,103
13-04-2022,1234,2022,0,p,NOP,SAS,1515.735831,1491.192218,113,103
15-04-2022,1235,2022,0,p,CLE,ATL,1490.993088,1577.169522,101,107
15-04-2022,1236,2022,0,p,LAC,NOP,1533.577886,1521.927966,101,105
16-04-2022,1237,2022,0,q,DAL,UTA,1598.770266,1589.147694,93,99
16-04-2022,1238,2022,0,q,MEM,MIN,1637.797872,1566.116618,117,130
16-04-2022,1239,2022,0,q,PHI,TOR,1603.006549,1601.489103,131,111
16-04-2022,1240,2022,0,q,GSW,DEN,1610.056299,1549.251713,123,107
17-04-2022,1241,2022,0,q,MIA,ATL,1596.872769,1585.299663,115,91
17-04-2022,1242,2022,0,q,BOS,BRK,1730.483025,1549.290766,115,114
17-04-2022,1243,2022,0,q,MIL,CHI,1577.357836,1461.243681,93,86
17-04-2022,1244,2022,0,q,PHO,NOP,1672.600919,1531.030554,110,99
18-04-2022,1245,2022,0,q,PHI,TOR,1613.851597,1590.644056,112,97
18-04-2022,1246,2022,0,q,DAL,UTA,1587.705193,1600.212767,110,104
18-04-2022,1247,2022,0,q,GSW,DEN,1617.126547,1542.181465,126,106
19-04-2022,1248,2022,0,q,MIA,ATL,1608.660043,1573.512389,115,105
19-04-2022,1249,2022,0,q,MEM,MIN,1617.096239,1586.818251,124,96
19-04-2022,1250,2022,0,q,PHO,NOP,1676.279446,1527.352026,114,125
20-04-2022,1251,2022,0,q,BOS,BRK,1731.574468,1548.199323,114,107
20-04-2022,1252,2022,0,q,TOR,PHI,1582.561148,1621.934504,101,104
20-04-2022,1253,2022,0,q,MIL,CHI,1580.567338,1458.034179,110,114
21-04-2022,1254,2022,0,q,MIN,MEM,1574.732258,1629.182232,95,104
21-04-2022,1255,2022,0,q,UTA,DAL,1594.768259,1593.149701,118,126
21-04-2022,1256,2022,0,q,DEN,GSW,1534.492367,1624.815645,113,118
22-04-2022,1257,2022,0,q,ATL,MIA,1567.616995,1614.555437,111,110
22-04-2022,1258,2022,0,q,CHI,MIL,1470.077344,1568.524173,81,111
22-04-2022,1259,2022,0,q,NOP,PHO,1549.553531,1654.077942,111,114
23-04-2022,1260,2022,0,q,TOR,PHI,1575.670563,1628.82509,110,102
23-04-2022,1261,2022,0,q,UTA,DAL,1582.074715,1605.843245,100,99
23-04-2022,1262,2022,0,q,BRK,BOS,1545.954538,1733.819254,103,109
23-04-2022,1263,2022,0,q,MIN,MEM,1563.31345,1640.601041,119,118
24-04-2022,1264,2022,0,q,CHI,MIL,1448.087256,1590.514261,95,119
24-04-2022,1265,2022,0,q,DEN,GSW,1527.202606,1632.105407,126,121
24-04-2022,1266,2022,0,q,ATL,MIA,1570.90672,1611.265712,86,110
24-04-2022,1267,2022,0,q,NOP,PHO,1544.055613,1659.57586,118,103
25-04-2022,1268,2022,0,q,BRK,BOS,1540.518814,1739.254977,112,116
25-04-2022,1269,2022,0,q,PHI,TOR,1621.246611,1583.249042,88,103
25-04-2022,1270,2022,0,q,DAL,UTA,1602.85637,1585.06159,102,77
26-04-2022,1271,2022,0,q,MIA,ATL,1634.145157,1548.027275,97,94
26-04-2022,1272,2022,0,q,MEM,MIN,1636.890402,1567.024088,111,109
26-04-2022,1273,2022,0,q,PHO,NOP,1645.334551,1558.296922,112,97
27-04-2022,1274,2022,0,q,MIL,CHI,1606.336571,1432.264945,116,100
27-04-2022,1275,2022,0,q,GSW,DEN,1624.940628,1534.367384,102,98
28-04-2022,1276,2022,0,q,TOR,PHI,1604.097099,1600.398553,97,132
28-04-2022,1277,2022,0,q,NOP,PHO,1552.344491,1651.286981,109,115
28-04-2022,1278,2022,0,q,UTA,DAL,1573.263437,1614.654523,96,98
29-04-2022,1279,2022,0,q,MIN,MEM,1564.698766,1639.215724,106,114
01-05-2022,1280,2022,0,s,BOS,MIL,1743.49408,1610.282841,89,101
01-05-2022,1281,2022,0,s,MEM,GSW,1649.162556,1627.68775,116,117
02-05-2022,1282,2022,0,s,MIA,PHI,1636.628229,1634.828498,106,92
02-05-2022,1283,2022,0,s,PHO,DAL,1659.049813,1620.571249,121,114
03-05-2022,1284,2022,0,s,BOS,MIL,1720.809157,1632.967765,109,86
03-05-2022,1285,2022,0,s,MEM,GSW,1643.181083,1633.669222,106,101
04-05-2022,1286,2022,0,s,MIA,PHI,1645.133034,1626.323692,119,103
04-05-2022,1287,2022,0,s,PHO,DAL,1663.75516,1615.865902,129,109
06-05-2022,1288,2022,0,s,PHI,MIA,1617.712081,1653.744645,99,79
06-05-2022,1289,2022,0,s,DAL,PHO,1607.102226,1672.518836,103,94
07-05-2022,1290,2022,0,s,MIL,BOS,1625.011439,1728.765482,103,101
07-05-2022,1291,2022,0,s,GSW,MEM,1629.173266,1647.67704,142,112
08-05-2022,1292,2022,0,s,DAL,PHO,1615.634293,1663.986769,111,101
08-05-2022,1293,2022,0,s,PHI,MIA,1630.457895,1640.998831,116,108
09-05-2022,1294,2022,0,s,MIL,BOS,1629.910222,1723.866699,108,116
09-05-2022,1295,2022,0,s,GSW,MEM,1644.971555,1631.878751,101,98
10-05-2022,1296,2022,0,s,MIA,PHI,1634.660579,1636.796147,120,85
10-05-2022,1297,2022,0,s,PHO,DAL,1655.491645,1624.129417,110,80
11-05-2022,1298,2022,0,s,BOS,MIL,1733.148803,1620.628118,107,110
11-05-2022,1299,2022,0,s,MEM,GSW,1628.364233,1648.486072,134,95
12-05-2022,1300,2022,0,s,PHI,MIA,1620.326163,1651.130563,90,99
12-05-2022,1301,2022,0,s,DAL,PHO,1611.487285,1668.133777,113,86
13-05-2022,1302,2022,0,s,MIL,BOS,1631.037053,1722.739869,95,108
13-05-2022,1303,2022,0,s,GSW,MEM,1629.192597,1647.657708,110,96
15-05-2022,1304,2022,0,s,BOS,MIL,1735.369036,1618.407885,109,81
15-05-2022,1305,2022,0,s,PHO,DAL,1650.983771,1628.637291,90,123
17-05-2022,1306,2022,0,c,MIA,BOS,1663.46029,1743.269118,118,107
18-05-2022,1307,2022,0,c,GSW,DAL,1638.4841,1663.411712,112,87
19-05-2022,1308,2022,0,c,MIA,BOS,1673.667573,1733.061835,102,127
20-05-2022,1309,2022,0,c,GSW,DAL,1652.721631,1649.174181,126,117
21-05-2022,1310,2022,0,c,BOS,MIA,1755.182852,1651.546555,103,109
22-05-2022,1311,2022,0,c,DAL,GSW,1642.787473,1659.108338,100,109
23-05-2022,1312,2022,0,c,BOS,MIA,1741.07614,1665.653268,102,82
24-05-2022,1313,2022,0,c,DAL,GSW,1629.890187,1672.005624,119,109
25-05-2022,1314,2022,0,c,MIA,BOS,1657.982222,1748.747186,80,93
26-05-2022,1315,2022,0,c,GSW,DAL,1663.724705,1638.171107,120,110
27-05-2022,1316,2022,0,c,BOS,MIA,1761.419199,1645.310209,103,111
29-05-2022,1317,2022,0,c,MIA,BOS,1662.352474,1744.376933,96,100
02-06-2022,1318,2022,0,f,GSW,BOS,1669.888145,1751.125263,108,120
05-06-2022,1319,2022,0,f,GSW,BOS,1657.437247,1763.576161,107,88
08-06-2022,1320,2022,0,f,BOS,GSW,1747.40948,1673.603928,116,100
10-06-2022,1321,2022,0,f,BOS,GSW,1754.045814,1666.967594,97,107
13-06-2022,1322,2022,0,f,GSW,BOS,1685.173727,1735.839681,104,94
16-06-2022,1323,2022,0,f,BOS,GSW,1727.264339,1693.749069,90,103
